je	355
da	159
se	124
sam	105
ne	97
na	85
li	83
tom	72
su	53
to	50
od	42
mi	41
nije	39
smo	39
za	39
mogu	35
ona	33
što	32
on	31
bio	30
kako	29
ja	28
si	26
koliko	25
ovo	25
ti	25
nisam	24
moj	20
te	20
ali	19
gdje	18
ima	18
vrijeme	18
želim	18
bi	17
sada	17
šta	17
dan	16
vas	16
će	16
bila	15
još	15
me	15
molim	15
više	15
ću	15
danas	14
kada	14
moja	14
nego	14
do	13
sa	13
ste	13
znam	13
biti	12
iz	12
juče	12
ljudi	12
mislim	12
radi	12
samo	12
sve	12
uvijek	12
ako	11
bih	11
engleski	11
kao	11
ovaj	11
rekao	11
svi	11
sviđa	11
svoj	11
vrlo	11
idem	10
imam	10
ići	10
mogao	10
ova	10
sutra	10
taj	10
tako	10
tamo	10
znao	10
živi	10
bilo	9
ga	9
jako	9
jezik	9
knjigu	9
malo	9
mnogo	9
možeš	9
nema	9
pismo	9
prema	9
već	9
želi	9
dobro	8
dugo	8
godina	8
govori	8
hvala	8
jesi	8
koja	8
mu	8
ovdje	8
voli	8
auto	7
dana	7
doći	7
francuski	7
godine	7
grad	7
idemo	7
imao	7
koji	7
kući	7
možemo	7
možete	7
nas	7
neki	7
nikada	7
ove	7
po	7
posao	7
prije	7
put	7
reći	7
sati	7
svaki	7
tebe	7
trebao	7
tu	7
tvoj	7
zove	7
žena	7
dvije	6
govorim	6
ili	6
kad	6
knjiga	6
ko	6
kupio	6
ljubav	6
marija	6
mary	6
može	6
nešto	6
nikad	6
nisi	6
ono	6
otac	6
pet	6
sok	6
svoju	6
tomu	6
treba	6
vidjeti	6
vode	6
vremena	6
ćemo	6
čovjek	6
život	6
dobio	5
grada	5
imamo	5
ju	5
ključ	5
kod	5
kuće	5
mnom	5
moje	5
moram	5
nam	5
napraviti	5
naš	5
ništa	5
njegov	5
novac	5
odlučio	5
oni	5
otišao	5
pod	5
pomoći	5
prijatelj	5
problem	5
rusiji	5
sedam	5
stvari	5
svoje	5
tebi	5
telefon	5
tome	5
tri	5
tvoja	5
vaš	5
vi	5
vidim	5
vidimo	5
zar	5
zašto	5
znamo	5
ćeš	5
ananasa	4
bolnice	4
bolnici	4
brzo	4
dala	4
daleko	4
dijete	4
dobiti	4
god	4
gospodin	4
govoriš	4
gradu	4
hrvatska	4
htio	4
imaju	4
išao	4
jednom	4
jeste	4
kiša	4
knjige	4
koju	4
kuću	4
lejla	4
lijep	4
mačka	4
millie	4
moju	4
možda	4
muškarac	4
najbolje	4
nemam	4
neće	4
ni	4
njegova	4
odgovor	4
odmor	4
oko	4
pitanja	4
pitao	4
pivo	4
ponedjeljak	4
postoji	4
puno	4
raditi	4
sestra	4
svima	4
svog	4
tog	4
toma	4
uopće	4
učiniti	4
vam	4
večeras	4
vidjeli	4
vole	4
volio	4
zbog	4
znaš	4
često	4
čovjeka	4
šest	4
škole	4
školu	4
želiš	4
živjeti	4
automobil	3
bez	3
bijela	3
bili	3
bolje	3
brat	3
cijeli	3
deset	3
djeca	3
djecu	3
djevojčica	3
dobar	3
dobra	3
dok	3
došao	3
dva	3
engleskom	3
govorite	3
govoriti	3
hotela	3
igrao	3
im	3
imali	3
ime	3
ispred	3
istina	3
izgleda	3
išli	3
japan	3
jedan	3
jede	3
jedno	3
jezero	3
jezici	3
jezika	3
jeziku	3
joj	3
jutros	3
kaže	3
kažeš	3
konačno	3
košulja	3
kroz	3
kruh	3
letjeti	3
lijepo	3
liječnik	3
majka	3
mariju	3
maslac	3
mene	3
mjeseca	3
mogla	3
moguće	3
mora	3
moramo	3
nadam	3
nalazi	3
napisao	3
naravno	3
nazvati	3
naći	3
način	3
neka	3
nekoliko	3
niko	3
njega	3
njegovom	3
njemački	3
njima	3
nove	3
obično	3
ocu	3
odakle	3
onda	3
opet	3
osam	3
ovu	3
oči	3
pa	3
pitati	3
platiti	3
plače	3
ponosan	3
ponovo	3
potpuno	3
počeo	3
prijatelji	3
pročitao	3
prvi	3
puta	3
ravno	3
razgovarati	3
računar	3
riječ	3
riješiti	3
ručak	3
sarajevu	3
skoro	3
sljedeće	3
sretna	3
stola	3
sunce	3
sva	3
sviđaju	3
svojim	3
svojoj	3
svome	3
tvoje	3
uzeo	3
učimo	3
velike	3
vidio	3
vjerovati	3
vodu	3
volim	3
voliš	3
zaboravio	3
zauzet	3
zdravlje	3
znači	3
ćete	3
čekao	3
školi	3
želio	3
antonio	2
australiji	2
autobusom	2
autor	2
beba	2
bejzbol	2
bicikl	2
bioskop	2
bismo	2
bića	2
bolnicu	2
bosanski	2
bosanskom	2
bosna	2
bosnu	2
božić	2
braće	2
brod	2
broj	2
brzine	2
busom	2
centar	2
cipele	2
crkva	2
crkvu	2
cvrči	2
dao	2
datum	2
dijelu	2
djeda	2
djetinjstva	2
djevojke	2
djevojku	2
dječak	2
dječaka	2
dolasku	2
dolaziti	2
domaću	2
doručkovali	2
dovoljno	2
dođi	2
došla	2
došlo	2
drugo	2
drugog	2
drugome	2
drugu	2
država	2
državama	2
duže	2
dvadeset	2
dvoje	2
džemper	2
džunglu	2
emily	2
engleskinja	2
europe	2
film	2
fudbal	2
gitara	2
glasno	2
glavni	2
glazbu	2
gospođa	2
gradske	2
hajde	2
hladno	2
hoćeš	2
hranu	2
iako	2
ih	2
ikada	2
imala	2
imate	2
imaš	2
inozemstvu	2
inteligentan	2
ispod	2
ispravnost	2
istinu	2
itoh	2
ivana	2
izašla	2
izgubila	2
izgubiti	2
iznad	2
izrađen	2
izvini	2
jak	2
jači	2
jedni	2
jednu	2
jeo	2
jesti	2
jesu	2
kahvu	2
kaput	2
kasnije	2
koga	2
koje	2
kojem	2
konja	2
košta	2
krevetu	2
krivu	2
krov	2
kupila	2
kupili	2
kupiti	2
kuća	2
lak	2
loše	2
mami	2
mariji	2
mački	2
meri	2
meso	2
misliš	2
mišljenju	2
mlađi	2
mlijeka	2
mlijeko	2
mnogi	2
mojim	2
mojoj	2
mom	2
morate	2
muziku	2
najviše	2
najviši	2
nakon	2
namjerava	2
napravio	2
nastavnik	2
naučio	2
naše	2
naših	2
našoj	2
nekako	2
neko	2
nemamo	2
nemoj	2
neprijatelja	2
neću	2
nisu	2
nje	2
njegovoj	2
njemačkoj	2
njemačkom	2
njen	2
njoj	2
njom	2
nogomet	2
nova	2
novaca	2
novi	2
novine	2
novu	2
novčanik	2
obećao	2
obitelj	2
obitelji	2
odgovorio	2
odgovoriti	2
odjednom	2
odličan	2
odmah	2
odmoru	2
onoga	2
opasnosti	2
osim	2
osoba	2
ostajemo	2
ostali	2
ostao	2
ostat	2
otići	2
ovom	2
oženjen	2
padala	2
pamćenje	2
pisaću	2
pitam	2
piti	2
piše	2
pišemo	2
pjeva	2
pjevali	2
plakati	2
plan	2
planine	2
plati	2
plažu	2
plemena	2
ples	2
plesanje	2
pobijediti	2
pojeo	2
pokazati	2
pokušaj	2
pokušao	2
pokušavati	2
pola	2
pomognem	2
pomoć	2
ponosna	2
popila	2
popiti	2
poput	2
poslu	2
postavio	2
postoje	2
posuditi	2
povrće	2
početak	2
početi	2
poštovati	2
pravila	2
pravo	2
pravu	2
preko	2
preumorni	2
pri	2
prijateljem	2
prijateljica	2
prodati	2
protiv	2
prozor	2
prošlo	2
prvo	2
psa	2
psi	2
putu	2
pušiti	2
radije	2
radio	2
rado	2
rano	2
rast	2
razgovarali	2
razloga	2
razumijem	2
razumjeti	2
redu	2
rekla	2
rekli	2
rečenica	2
ribu	2
rijetko	2
rio	2
roditelje	2
ručno	2
sami	2
san	2
sedmice	2
sendvič	2
siguran	2
sigurna	2
sija	2
siromašan	2
sjedinjenim	2
sjela	2
slijedi	2
slike	2
sljedeći	2
slobodan	2
složiti	2
slušajući	2
slušaš	2
smatram	2
smiješno	2
smisla	2
smrti	2
snažnim	2
sobi	2
sobu	2
sol	2
spava	2
sporije	2
spreman	2
spremna	2
srce	2
sretan	2
srećna	2
srodni	2
stan	2
stara	2
stari	2
starog	2
staru	2
stići	2
stolu	2
strane	2
susreo	2
svake	2
svako	2
svakog	2
svejedno	2
svih	2
svijetu	2
svijeća	2
svjetlo	2
tada	2
takav	2
tačan	2
telefonu	2
tenis	2
teško	2
težak	2
tjedan	2
tobom	2
toga	2
tomova	2
toplo	2
trebaju	2
trga	2
trojica	2
tvrdio	2
ubrzo	2
ugasiti	2
ujutro	2
umrijeti	2
umro	2
uopšte	2
upoznali	2
uskoro	2
uslugu	2
utorak	2
uzela	2
uzima	2
uzmi	2
učiteljica	2
učiti	2
vaše	2
vašu	2
veliku	2
veoma	2
večeru	2
vidi	2
vjeruje	2
vrata	2
vratiti	2
zabavu	2
zaboravi	2
zadatak	2
zadaću	2
zadovoljan	2
zaista	2
zato	2
završi	2
zemlja	2
zemlje	2
zgrada	2
zimi	2
zna	2
znala	2
čaše	2
čašu	2
čega	2
četiri	2
četrdeset	2
čita	2
čitamo	2
čitao	2
čudno	2
čujem	2
čuli	2
čuo	2
šefa	2
žele	2
žene	2
živim	2
života	2
životu	2
1950ih	1
9876-5432	1
adresom	1
adresu	1
advokati	1
aktivna	1
albanije	1
alessia	1
americi	1
amerike	1
američkim	1
aplikacija	1
arhaička	1
arhitekt	1
austraiju	1
australijanci	1
austrijanka	1
autobuse	1
autobusu	1
autogram	1
automobilu	1
avion	1
avionom	1
azra	1
baba	1
bajkalsko	1
bakom	1
banka	1
banke	1
bar	1
bavljenja	1
bebom	1
belgijanci	1
belma	1
benzin	1
benzina	1
berlina	1
berlinu	1
beskonačnih	1
beskrajno	1
bezbojne	1
bijeloj	1
biljka	1
biologije	1
birati	1
bit	1
biće	1
blagajnik	1
blizu	1
bob	1
boga	1
bogat	1
bogatstvo	1
boja	1
bol	1
bolan	1
bolesna	1
bolesnika	1
bolestan	1
bolji	1
bolničarka	1
borbi	1
borićemo	1
bosanac	1
bosansko	1
bostona	1
bošnjanin	1
braka	1
braku	1
brate	1
bratstva	1
bratu	1
braći	1
brine	1
brinem	1
britance	1
brkić	1
brz	1
brzinom	1
bude	1
budem	1
budeš	1
budućnost	1
burdž	1
bureka	1
bučna	1
buđenje	1
carlton	1
cathy	1
ceo	1
cezarove	1
cijela	1
cijelo	1
ciklus	1
cipelama	1
citira	1
civilizaciju	1
crne	1
crnim	1
crnu	1
crte	1
crven	1
cvijeće	1
cvjetajuća	1
cvjetanje	1
cvrčak	1
daljini	1
dam	1
današnje	1
današnji	1
dati	1
davno	1
deblja	1
decembar	1
desert	1
desetak	1
desno	1
devedeset	1
devet	1
devetsto	1
dešavalo	1
dijetu	1
dim	1
dino	1
dio	1
dioksid	1
distriktu	1
djedom	1
djelovao	1
djevojka	1
dnevni	1
dnevno	1
dobrog	1
dodatak	1
dodati	1
dodijelila	1
dodjes	1
događaju	1
dogodi	1
dogoditi	1
dogovoriti	1
dokad	1
dokaz	1
dolara	1
dolazi	1
dolazila	1
dolazim	1
doma	1
dominantno	1
donekle	1
donio	1
dopis	1
doručak	1
dosađuje	1
dosta	1
dostojanstvu	1
doviđenja	1
dovraga	1
dozvolu	1
doćiće	1
doćiću	1
dođe	1
dođem	1
dođeš	1
dođite	1
došavši	1
došli	1
drago	1
dragulj	1
draže	1
drevnu	1
druge	1
drugi	1
drugim	1
društvenim	1
društvo	1
drveta	1
držala	1
držati	1
državu	1
dubina	1
duboko	1
duga	1
dugujem	1
duhovima	1
duhu	1
dvaput	1
dvjestopedeset	1
dvojica	1
dvokrevetnu	1
dvorište	1
džamija	1
džem	1
džepu	1
džukac	1
džungle	1
ej	1
ekologiji	1
el	1
elbrus	1
električnu	1
elektrotehnike	1
email	1
emina	1
engleskoj	1
ere	1
estonku	1
europi	1
evra	1
evrima	1
evrope	1
evropi	1
faks	1
faruk	1
fejsbuka	1
filmskoj	1
finci	1
flamanci	1
fotografirati	1
francisco	1
francuska	1
francuskom	1
francuza	1
funkcioniraju	1
galaksija	1
garaži	1
gimnaziji	1
gitaru	1
gladan	1
glagol	1
glasovir	1
glava	1
glavi	1
glavobolju	1
glavom	1
gledali	1
gledao	1
gledati	1
godini	1
godišnji	1
godišnjice	1
gorak	1
goran	1
gorko	1
gospodine	1
gosti	1
gotovo	1
govorenja	1
govoreći	1
govorila	1
govorili	1
govorilo	1
govorio	1
gradovima	1
gradskom	1
građena	1
greška	1
greške	1
grešku	1
grijač	1
griješim	1
grize	1
grčki	1
gube	1
haddad	1
halaliti	1
haljina	1
haris	1
heroj	1
hiljaditi	1
hiljadu	1
hitno	1
hladne	1
hladnije	1
hljeba	1
hotel	1
hoće	1
hoćete	1
hoću	1
hočeš	1
hranjenja	1
hrišćanstvu	1
hrvatske	1
hrvatskom	1
hrđa	1
htjela	1
htjeti	1
hvalim	1
hvar	1
ide	1
idealno	1
ideja	1
ideje	1
ideju	1
identiteta	1
idete	1
idućem	1
idući	1
igra	1
igram	1
igrati	1
igračku	1
ikad	1
ilegalnim	1
imati	1
industriji	1
informacije	1
inostranstvu	1
interlingue	1
internet	1
inzistirala	1
inzistirali	1
inženjer	1
ionako	1
isključite	1
isključiti	1
iskren	1
iskupio	1
islama	1
ispit	1
ispitu	1
ispričaj	1
ispunio	1
ispustio	1
ista	1
istanbulu	1
istekne	1
istine	1
istinito	1
istovremeno	1
istu	1
italije	1
italiji	1
izbore	1
izdao	1
izdati	1
izdržati	1
izglačao	1
izgledaju	1
izgledati	1
izgradio	1
izgrađena	1
izgubio	1
izići	1
izjavu	1
izlazi	1
između	1
iznenada	1
iznenadi	1
iznenadim	1
iznenaditi	1
iznenađen	1
iznenađenja	1
iznervirano	1
izrazito	1
izrađena	1
izvan	1
izvinite	1
izvolite	1
ićićemo	1
jabuka	1
jabuku	1
jagoda	1
jaje	1
japanci	1
japanka	1
japansku	1
japanu	1
jasna	1
jače	1
jedem	1
jedina	1
jedinica	1
jedinstven	1
jednaka	1
jednostavan	1
jednostavno	1
jedu	1
jeftinija	1
jel	1
jela	1
jelena	1
jena	1
jesam	1
joe	1
jogurt	1
john	1
jugoistoku	1
jugoistočnom	1
jugu	1
jučer	1
južna	1
kafe	1
kakva	1
kakvo	1
kalifa	1
kambodži	1
kameru	1
kandidat	1
kapetanović	1
karakterističan	1
karin	1
karta	1
karte	1
karti	1
karticom	1
kauč	1
kave	1
kavu	1
kazališta	1
kazalište	1
kazalištu	1
kazuj	1
kašljati	1
kebečki	1
kim	1
kineska	1
kinu	1
kioscima	1
kirije	1
kišobran	1
kišobrani	1
klađenje	1
klein	1
klubu	1
knjigama	1
knjigovođu	1
knjizi	1
knjiški	1
književnost	1
knjižnici	1
knjižnicu	1
kobila	1
kofer	1
kojeg	1
kojega	1
kojih	1
kojoj	1
kole	1
kolegica	1
kolodvora	1
komadić	1
kome	1
komet	1
kompjuter	1
komplicirani	1
komunicirali	1
koncert	1
koncertu	1
konobaru	1
konversaciju	1
koreja	1
korisni	1
koristeći	1
koristi	1
koristimo	1
koristiti	1
korpi	1
kosa	1
kosovo	1
kosu	1
kovaču	1
kočnicama	1
košarka	1
koštati	1
kože	1
kraj	1
kraja	1
kraju	1
kralj	1
kratak	1
kratke	1
kratko	1
kratkoća	1
kratku	1
kreditnom	1
kreme	1
krene	1
krevetom	1
kriminalne	1
kriv	1
krivi	1
krivim	1
krv	1
krvarimo	1
kuca	1
kuham	1
kuhane	1
kuhanju	1
kuhati	1
kuhinji	1
kunići	1
kupac	1
kupi	1
kupim	1
kutiji	1
kutiju	1
kućica	1
kvalificiran	1
kyotu	1
kćeri	1
kćerka	1
kći	1
la	1
lagano	1
laje	1
laju	1
lako	1
lale	1
lampu	1
lao	1
laptop	1
latinski	1
lav	1
lažljivaci	1
lech	1
lekar	1
leptira	1
let	1
leti	1
letu	1
ležim	1
lijek	1
lijekovi	1
lijepe	1
lijepih	1
lijepom	1
lijepu	1
lijevo	1
linda	1
lišća	1
ljepše	1
ljeti	1
ljubavi	1
ljube	1
ljubomorna	1
ljude	1
ljudima	1
ljudska	1
ljut	1
ljuti	1
lokalnu	1
lovačkog	1
lovu	1
lozinke	1
loš	1
lucifera	1
ludo	1
luku	1
lutku	1
mahir	1
majcu	1
majke	1
majkom	1
majmune	1
majčino	1
mala	1
maleziji	1
mali	1
malka	1
malom	1
mamu	1
manga	1
manje	1
marijine	1
mark	1
marketinga	1
marko	1
markova	1
markovo	1
marku	1
marynu	1
masaru	1
masku	1
matematiku	1
matematičari	1
maternji	1
mačke	1
mašina	1
mašinom	1
mašinu	1
med	1
medvjed	1
meni	1
menstrualni	1
mentalni	1
metal	1
metara	1
među	1
michaelom	1
mijenja	1
mijenjati	1
milijun	1
milijuna	1
miloradom	1
minuta	1
miris	1
misiji	1
misli	1
mislio	1
misliti	1
mit	1
mišljenjem	1
mjesec	1
mjeseci	1
mjesečno	1
mjesto	1
mlada	1
mlađa	1
mlađoj	1
mliječni	1
mnoge	1
mnoštvo	1
mog	1
moga	1
mogli	1
moguća	1
mogućnost	1
molimo	1
molimte	1
moljac	1
momče	1
moraju	1
morala	1
moraš	1
morski	1
moru	1
mostar	1
mostaru	1
motor	1
mozak	1
močiti	1
mraku	1
mračno	1
mračnu	1
mrežama	1
mrtav	1
mrvicu	1
mrzim	1
mrziti	1
muhamed	1
mujo	1
muslimanka	1
muzej	1
muzika	1
muškarcima	1
mušterija	1
muž	1
muža	1
nacionalnog	1
nada	1
nadali	1
nadamo	1
nadaren	1
najbliža	1
najbolji	1
najdublje	1
najduža	1
najduže	1
najgori	1
najjači	1
najjeftinija	1
najljepši	1
najnezdravijim	1
najstariji	1
najvažnija	1
najviša	1
namjera	1
namjerno	1
namjeru	1
namjestili	1
nana	1
naoko	1
naopako	1
naočare	1
napadom	1
napisani	1
napisati	1
napisaću	1
napravila	1
napravljene	1
napustila	1
narode	1
nasmijali	1
nastavićemo	1
nastavljamo	1
nastojao	1
naučili	1
naučiti	1
naučnik	1
navikama	1
nazvao	1
načela	1
naša	1
našeg	1
našem	1
naši	1
našim	1
našu	1
nažalost	1
nebo	1
neboder	1
nedavno	1
nedjelja	1
nedjeljom	1
negodovanju	1
nekad	1
nemoguće	1
neovisan	1
nepravilan	1
neprijatelji	1
neprijateljom	1
nepristojan	1
nepristojna	1
neredovan	1
nerješiv	1
nesreća	1
nesrećan	1
nesreće	1
nestalo	1
nestati	1
netačan	1
nevazisna	1
nezainteresirane	1
nećeš	1
nigdje	1
nihad	1
nijednome	1
nikakav	1
nikome	1
nimalo	1
nismo	1
ničega	1
nižeg	1
njegovo	1
njegovu	1
njemačka	1
njemačku	1
njeno	1
njezin	1
njezinom	1
njezinu	1
njih	1
njihovog	1
njim	1
nju	1
nlo	1
nogama	1
nogu	1
nojevi	1
nosi	1
nosite	1
novima	1
novosti	1
nudi	1
nužno	1
oba	1
obaviti	1
obdarena	1
običaj	1
običnih	1
objasniti	1
objektu	1
oblaka	1
oblačiš	1
oblikovanju	1
obojani	1
obožava	1
obraćam	1
obukao	1
oca	1
ocem	1
odbaciti	1
odbijam	1
odbije	1
ode	1
odgovora	1
odgovori	1
odjeći	1
odlazi	1
odlično	1
odmora	1
održana	1
odustaj	1
odustajem	1
ogranak	1
okolici	1
okrijepljujuće	1
okus	1
olovku	1
oluja	1
oluje	1
olujno	1
onaj	1
one	1
onesvijestio	1
onim	1
opasan	1
oporavio	1
oprosti	1
oprostite	1
optički	1
opustošen	1
općenito	1
općine	1
organizacije	1
organizmi	1
osamdesetima	1
osiječkog	1
osjetila	1
osjetio	1
osjetljiv	1
osjećati	1
osloniti	1
osmoj	1
osobno	1
ostaje	1
ostani	1
ostati	1
ostavljajte	1
ostvariš	1
otišli	1
otkrila	1
otporom	1
otrovan	1
otvaraju	1
otvarate	1
otvorim	1
otvoriti	1
ovce	1
ovde	1
ovi	1
ovim	1
ovoj	1
ozbiljan	1
očekivao	1
očima	1
očito	1
oštaro	1
oštećenu	1
oženi	1
oženiću	1
pacijenata	1
padne	1
paket	1
pantalone	1
papir	1
papira	1
paralelno	1
parizu	1
parkirali	1
parkiram	1
parkova	1
parkovima	1
parti	1
pastuv	1
paula	1
pauza	1
pauzu	1
pažnju	1
pecanje	1
pedeset	1
pekara	1
penjat	1
petak	1
pete	1
petnaest	1
petoro	1
piece	1
pije	1
pijem	1
pijte	1
piju	1
piknik	1
pila	1
piletinu	1
piotr	1
pisao	1
pisati	1
pisaći	1
pitala	1
pitanjima	1
pitanju	1
pišem	1
pjesme	1
pjevačica	1
planina	1
planinama	1
planinarim	1
planinu	1
planira	1
planove	1
planovima	1
platim	1
plave	1
plavooka	1
plavu	1
plačemo	1
plesala	1
plesale	1
plivanje	1
pobijedili	1
pobijedio	1
pobjediti	1
pobjeđuje	1
podbadač	1
podigne	1
podijeljen	1
podrum	1
podrumu	1
poginuli	1
poglavlje	1
pogled	1
pogledam	1
pogodovala	1
pojavio	1
pojma	1
pokazujemo	1
pokaži	1
pokrenete	1
pokreneš	1
pokucam	1
pokušaja	1
pokušavam	1
pokvario	1
polako	1
policije	1
policiji	1
pomislio	1
pomogli	1
pomogne	1
pomozite	1
pomoži	1
ponedeljka	1
ponedjeljka	1
ponovi	1
ponovnom	1
ponoć	1
popio	1
popravi	1
popraviti	1
popravljene	1
poprilično	1
popularna	1
porciju	1
porijekla	1
porodici	1
porodicom	1
poruke	1
poseban	1
posjedovao	1
posjedstvu	1
posjetio	1
posjetit	1
poslala	1
poslati	1
poslije	1
poslijepodne	1
posljedica	1
poslovnom	1
postaji	1
postao	1
postat	1
postati	1
postavili	1
postavljati	1
postupa	1
postupaju	1
posudio	1
potpiši	1
potragu	1
potrebe	1
potvrditi	1
povoljan	1
povratak	1
povrijedimo	1
povuče	1
pozdravi	1
poznajem	1
poznaju	1
poznati	1
poznato	1
pozornost	1
pozvao	1
poći	1
počela	1
počeli	1
početkom	1
početku	1
počinje	1
pođem	1
pošta	1
poštanski	1
poštu	1
požara	1
požuri	1
praksi	1
pranje	1
pratimo	1
pratite	1
pravima	1
pravimo	1
praznici	1
prašine	1
predloženi	1
predložio	1
predobro	1
predsjednik	1
predsjednika	1
predstavi	1
predstavim	1
pregledao	1
prekidati	1
prekjuče	1
prekosutra	1
prekrasna	1
prekrasne	1
prekriženim	1
premala	1
preplašen	1
preporučuje	1
preporučujete	1
prepoznati	1
prepuno	1
presjedam	1
preslušava	1
prestala	1
prestanu	1
prestao	1
prestati	1
pretamna	1
prethodi	1
pretplaćen	1
pretpostavka	1
pretpostavljam	1
pretvarao	1
pretvore	1
prevedu	1
previše	1
prevod	1
prešao	1
prhuti	1
približimo	1
prijatelja	1
prijatelje	1
prijateljski	1
prijavili	1
prijedlog	1
prijestolnica	1
priliku	1
primila	1
primljen	1
pripadam	1
pripazi	1
priprema	1
priredbi	1
prirodan	1
prirode	1
prirodi	1
prisutni	1
privatni	1
privržena	1
priča	1
pričajmo	1
pričati	1
pričekajte	1
pričekaju	1
pričekati	1
priču	1
prljave	1
probali	1
probao	1
problema	1
problemu	1
probudi	1
probudilo	1
probudio	1
probuditi	1
proces	1
proda	1
prodaju	1
prodaćemo	1
profesionalni	1
profesorka	1
projeda	1
promijeni	1
promijeniti	1
prostora	1
protivili	1
proveli	1
proveo	1
provocira	1
proći	1
proćićemo	1
pročitavši	1
proširiti	1
prošlog	1
prvog	1
pse	1
psećih	1
ptice	1
puls	1
putovanje	1
putovati	1
putovnica	1
putujete	1
putuju	1
pušenje	1
puši	1
pčele	1
radara	1
radari	1
radiju	1
radili	1
radim	1
radiovalova	1
radiš	1
radni	1
radnika	1
rajčice	1
rana	1
ranije	1
ranjen	1
rastavili	1
razglednice	1
razgovaraj	1
razgovaraju	1
razgovaram	1
razgovor	1
razlike	1
razlog	1
razmišljam	1
razmišljao	1
razred	1
razredu	1
razuman	1
razumiješ	1
razumom	1
razvoj	1
račune	1
rađaju	1
rađen	1
recepciji	1
reci	1
red	1
rep	1
republikanski	1
restorana	1
rezervaciju	1
rezervisati	1
rečenice	1
riba	1
ribi	1
ribićijom	1
rijeke	1
rijeku	1
riješila	1
rim	1
rječnik	1
rođendan	1
rođendansku	1
rođeni	1
rođenja	1
rukom	1
ručka	1
sad	1
sad-a	1
sajtovima	1
samac	1
samija	1
samoposlugi	1
samostalniji	1
sandučić	1
sanjaj	1
saobraćaja	1
saobraćajna	1
sapuni	1
sarajevo	1
sastoji	1
sasvim	1
sata	1
satima	1
savjet	1
sebe	1
sebi	1
seci	1
sedamnaest	1
sedmicu	1
sekretarica	1
selu	1
semira	1
senad	1
septembru	1
sestara	1
shakespeara	1
sira	1
sit	1
siđite	1
sjajio	1
sjedalo	1
sjede	1
sjedi	1
sjedimo	1
sjediti	1
sjedni	1
sjena	1
sjetim	1
sjeveru	1
sjećam	1
skikanje	1
skini	1
skrenite	1
skuplja	1
skupljaju	1
slabo	1
sladilo	1
sladoled	1
slavi	1
slijep	1
slika	1
sliči	1
sljedećem	1
sljedećoj	1
slobodna	1
slobodnog	1
slomio	1
slovenije	1
složim	1
složio	1
slučajnosti	1
slučaju	1
sluša	1
smijem	1
