ez	894
da	836
dut	443
bat	382
du	368
eta	357
zuen	280
nire	265
egin	253
zen	238
tom	217
naiz	216
tomek	216
nahi	210
egiten	203
dago	187
duzu	187
bere	185
hori	174
hau	167
behar	162
zure	162
dira	161
izan	158
zer	145
nuen	137
ari	129
esan	128
hitz	125
baino	109
joan	107
oso	103
asko	97
ezin	87
zara	86
uste	82
hemen	80
ahal	79
ditut	76
dute	73
nintzen	73
ditu	72
ere	71
ikusi	71
ni	69
urte	69
al	68
nik	66
non	66
gaur	65
mesedez	65
zenbat	65
dugu	63
edo	63
inoiz	63
mary	63
dela	61
izango	60
gehiago	59
zein	59
berak	58
egon	58
gustatzen	58
egingo	57
hiru	56
ondo	56
baina	54
bi	53
beste	52
nago	52
bizi	51
lan	51
maite	51
etorri	48
ezer	46
gure	46
liburu	46
eman	45
nola	45
orain	45
zegoen	45
bera	44
daude	44
laylak	44
dituzu	43
denbora	42
ikasten	42
egitea	41
gara	41
ona	40
zait	40
beti	39
den	39
utzi	39
zela	38
batean	37
bihar	37
buruz	36
erosi	36
gabe	36
oraindik	36
pentsatzen	36
zaitut	36
zergatik	36
zuk	36
duela	35
ezta	35
zidan	35
izena	34
ziren	34
zu	34
bakarrik	33
duen	33
aita	32
beharko	32
gauza	32
hil	32
lehen	32
zituen	32
nork	31
pertsona	31
samik	31
egun	30
guztia	30
hark	30
nahiko	30
nuke	30
bai	29
dakit	29
egiteko	29
hizkuntza	29
ezazu	28
gertatu	28
honetan	28
jaten	28
layla	28
zerbait	28
esaten	27
eskubidea	27
galdu	27
hura	27
polita	27
zaude	27
zuela	27
dauka	26
ematen	26
ordu	26
zion	26
arte	25
dizut	25
guztiak	25
joango	25
daukat	24
dudan	24
duzun	24
etxera	24
gustuko	24
ikusten	24
sami	24
aurkitu	23
batek	23
benetan	23
etxe	23
etxea	23
ezagutzen	23
handia	23
jaio	23
jakin	23
tomen	23
zenuen	23
ikasi	22
lagundu	22
neska	22
sentitzen	22
tom-ek	22
arreba	21
atzo	21
egongo	21
entzun	21
eskolara	21
etxean	21
genuen	21
hartu	21
joaten	21
baten	20
berri	20
berriro	20
gero	20
haiek	20
hasi	20
munduko	20
pentsatu	20
zaizu	20
zuten	20
ama	19
ba	19
bezala	19
dena	19
egia	19
etorriko	19
gizon	19
gogoko	19
hamar	19
liburua	19
nirekin	19
noiz	19
asmatu	18
badakit	18
batzuk	18
berandu	18
bizitza	18
bost	18
dezaket	18
didazu	18
diru	18
egunero	18
eskerrik	18
espero	18
gustatuko	18
heldu	18
izatea	18
jarri	18
kaixo	18
nau	18
on	18
zaio	18
zurekin	18
ahaztu	17
autoa	17
baduzu	17
dezakezu	17
esaldi	17
euria	17
euskara	17
honek	17
iezadazu	17
inor	17
inork	17
musika	17
zenuke	17
badakizu	16
berria	16
bezain	16
dirua	16
ederra	16
erabaki	16
gustoko	16
horrek	16
korrika	16
mundu	16
seme	16
utziko	16
ala	15
alaba	15
gauean	15
gogoratzen	15
gurasoak	15
hauek	15
hiri	15
hogeita	15
ibili	15
izateko	15
kolore	15
lagun	15
litzaidake	15
nahiago	15
niri	15
orok	15
zaitez	15
azken	14
begiratu	14
bertan	14
bete	14
dabil	14
dagoeneko	14
daki	14
deitzen	14
diren	14
dudala	14
frantsesa	14
hainbat	14
hurrengo	14
irakurri	14
irakurtzen	14
joateko	14
katua	14
nekatuta	14
txarra	14
ulertu	14
aitak	13
artean	13
bakarra	13
batera	13
batez	13
diot	13
dituzte	13
eraman	13
esango	13
eskatu	13
ezagutu	13
frantsesez	13
gaude	13
gorroto	13
hain	13
handi	13
hobeto	13
itzuli	13
jan	13
katu	13
lana	13
mina	13
osoan	13
txakurra	13
zehar	13
ziur	13
zuri	13
amak	12
badu	12
barkatu	12
batekin	12
biok	12
eskola	12
garrantzitsua	12
gau	12
ginen	12
herrialde	12
hobe	12
lehenago	12
maria	12
mutila	12
ondoren	12
osoa	12
pasatu	12
pixka	12
ulertzen	12
urtean	12
ahizpa	11
amaitu	11
anaia	11
askoz	11
atera	11
aukera	11
aurretik	11
baizik	11
balio	11
duena	11
egotea	11
gainean	11
gertatzen	11
hire	11
horrela	11
horretan	11
ideia	11
igeri	11
ikastea	11
ingelesa	11
ingelesez	11
jaso	11
laguntza	11
lau	11
luke	11
nion	11
nor	11
norbaitek	11
ordutan	11
sinesten	11
txarto	11
txikia	11
ze	11
zertan	11
zituzten	11
aldiz	10
atea	10
auto	10
berriak	10
berriz	10
bidali	10
bikaina	10
bostonen	10
dagoen	10
dakizu	10
daukazu	10
deitu	10
didate	10
dinat	10
direla	10
duzue	10
edan	10
edaten	10
egitera	10
elkarrekin	10
emango	10
erabili	10
ezingo	10
familia	10
gai	10
galdera	10
giltza	10
giltzak	10
goiz	10
haren	10
hona	10
ikusiko	10
jotzen	10
lurra	10
maryk	10
moduz	10
naizela	10
naizen	10
onena	10
real	10
sartu	10
tom-en	10
txakur	10
zegoela	10
zientzia	10
zuek	10
aldatu	9
alde	9
amaren	9
argia	9
askatasuna	9
azkar	9
azterketa	9
bada	9
batzuetan	9
begiak	9
berarekin	9
berdea	9
besterik	9
betaurrekoak	9
bilatzen	9
dagoela	9
dirudi	9
dit	9
duzuna	9
edozein	9
elkar	9
emakume	9
entzuten	9
erabiltzen	9
erraza	9
filma	9
galdetzen	9
garagardo	9
gehien	9
hor	9
horiek	9
ikaslea	9
irabazi	9
irakaslea	9
irten	9
itxaron	9
izugarri	9
jo	9
kafe	9
maitasuna	9
mutil	9
nahikoa	9
ongi	9
tatoeba	9
telebista	9
tom-i	9
umeak	9
unibertsitateko	9
uzten	9
zaila	9
zazpi	9
zuena	9
abesti	8
ahotsa	8
aitaren	8
akats	8
argi	8
astean	8
atsegina	8
badirudi	8
baita	8
banintz	8
beldur	8
beltza	8
berari	8
bezalakoa	8
bota	8
dauzkat	8
denik	8
dio	8
ea	8
ekarri	8
eskubide	8
estatu	8
etxetik	8
euskaraz	8
gaitu	8
gaixorik	8
galdetu	8
garagardoa	8
gehiegi	8
gelditu	8
geratu	8
gerra	8
gertatuko	8
gogokoena	8
guk	8
gutxi	8
guztiok	8
hartzen	8
haserre	8
hiriburua	8
hitza	8
honen	8
hotz	8
ihes	8
jarraitu	8
jende	8
jolasten	8
kontuz	8
libre	8
lo	8
mahai	8
nahiz	8
naiteke	8
neba	8
nituen	8
ohean	8
ondoan	8
pasa	8
puntu	8
saiatu	8
seguru	8
tomekin	8
tomi	8
ume	8
urtebetetzea	8
zutaz	8
agur	7
animalia	7
arazo	7
arratsalde	7
arrazoirik	7
astelehenean	7
atsegin	7
aurreko	7
badago	7
badaki	7
batere	7
bero	7
bihurtu	7
bila	7
bitartean	7
bizitzeko	7
bueltatu	7
burua	7
daiteke	7
dezake	7
diat	7
diozu	7
dirurik	7
ditugu	7
doa	7
duk	7
duzula	7
erosteko	7
esaldiak	7
eskuak	7
esne	7
existitzen	7
ezkondu	7
film	7
garbitu	7
gauzak	7
gelan	7
gogoa	7
goizean	7
gorria	7
gu	7
gustatu	7
gutxiago	7
guztiek	7
hegazkin	7
herrialdeko	7
honi	7
horra	7
horregatik	7
idatzi	7
igaro	7
itxaroten	7
jantzi	7
japonian	7
jartzen	7
jendea	7
laguna	7
lanik	7
laster	7
lehenengo	7
lortu	7
maiteminduta	7
mary-k	7
munduan	7
mutilak	7
negar	7
ninduen	7
norekin	7
onartzen	7
pozik	7
soilik	7
zeintzuk	7
zinen	7
zitzaidan	7
zoriontsu	7
zuria	7
1991n	6
abesten	6
agindu	6
apurtu	6
ardo	6
arratsaldean	6
arrazoia	6
arropa	6
aske	6
autobusez	6
baldin	6
balitz	6
banu	6
barru	6
bart	6
batetik	6
beharra	6
behin	6
beraien	6
beraz	6
berrogeita	6
biak	6
bigarren	6
bisitatu	6
bostonera	6
botatzen	6
bukatu	6
buruko	6
dauden	6
dezagun	6
dezakegu	6
diote	6
dolar	6
duten	6
eduki	6
eguna	6
eguraldi	6
elkarri	6
elurra	6
erantzun	6
erraz	6
erretzeari	6
errua	6
estaturik	6
gabon	6
gaixo	6
garbi	6
geratuko	6
gezurra	6
gogorra	6
gurekin	6
guztiz	6
hari	6
hartzeko	6
hemendik	6
herriko	6
hilabete	6
horren	6
horri	6
ia	6
idazten	6
ile	6
ingelera	6
inori	6
irakasten	6
iritzia	6
itzuliko	6
izaten	6
jada	6
japonieraz	6
jateko	6
joatea	6
john	6
kamera	6
kanpoan	6
katuak	6
lagunduko	6
lanean	6
liburuak	6
mariak	6
mila	6
min	6
momentu	6
nauzu	6
nazazu	6
nengoen	6
nirea	6
niretzat	6
noa	6
nolako	6
nondik	6
normalean	6
nuela	6
oraintxe	6
orduan	6
ote	6
pasatzen	6
pelikula	6
sagar	6
samiren	6
sentitu	6
tea	6
trena	6
txakurrak	6
txinatarra	6
utz	6
zaitu	6
zekien	6
zigun	6
zuhaitz	6
anaiak	5
arreta	5
aste	5
aurrera	5
australiara	5
azaldu	5
badidazu	5
balu	5
barkamena	5
batzuek	5
begi	5
begira	5
begiratzen	5
beltz	5
beraiek	5
berehala	5
besoa	5
bidea	5
bidez	5
bizikleta	5
bizirik	5
bizitzan	5
buruaz	5
dantza	5
debekatuta	5
drogazalea	5
dun	5
edonork	5
egunez	5
eguzkia	5
ekuazio	5
eraiki	5
erakutsi	5
eraso	5
erdia	5
ergatibo	5
erlojua	5
erosiko	5
erre	5
erretzea	5
esku	5
esnatu	5
etortzen	5
etxerako	5
ezaguna	5
ezetz	5
ezker	5
ezkutatu	5
garbitzen	5
gaztea	5
gazteak	5
gela	5
geratzea	5
gizona	5
gogor	5
gogoratu	5
gona	5
gonbidatuko	5
gorrotatzen	5
hamahiru	5
han	5
handiagoa	5
har	5
hartan	5
hautsi	5
heltzen	5
hizkuntzak	5
hobea	5
horrelako	5
horretaz	5
hotza	5
ikasle	5
ikasleak	5
inolako	5
irakurtzea	5
irakurtzeko	5
irratia	5
istripu	5
italia	5
itxi	5
izana	5
jadanik	5
jane	5
jauna	5
jolastu	5
kide	5
kolpe	5
konpondu	5
kontra	5
konturatu	5
kotxea	5
lagunak	5
laguntzen	5
laranja	5
leihoa	5
leku	5
litzateke	5
loreak	5
luzea	5
medikua	5
merezi	5
milioi	5
momentuan	5
mota	5
musikari	5
nabil	5
nauk	5
nazioarteko	5
nitaz	5
nizun	5
nora	5
norbere	5
ohera	5
oker	5
olentzero	5
onartu	5
ordainduko	5
ospitalera	5
prestatu	5
sartzen	5
sei	5
semeak	5
tatoeban	5
tomeri	5
topatu	5
txantxa	5
ura	5
urdina	5
urrun	5
urtetik	5
zaintzen	5
zaizkio	5
zarela	5
zaren	5
zarete	5
zelan	5
zenbakia	5
zenbatu	5
zinemara	5
zioten	5
zuzen	5
abadea	4
aberastasuna	4
aberatsa	4
adina	4
aditz	4
agian	4
ahalegin	4
aldatzen	4
alditan	4
altuena	4
altxatu	4
amets	4
ametsa	4
amore	4
anbulantzia	4
arabera	4
arabierraz	4
arraina	4
arrakasta	4
arraro	4
arraroa	4
arrebak	4
arroza	4
arteko	4
aski	4
askotan	4
astiro	4
atseden	4
aukeratu	4
aurkako	4
aurkeztu	4
axola	4
azaltzeko	4
azkarra	4
azpian	4
babesa	4
bakar	4
baterako	4
bederatzi	4
beharrezkoa	4
beharrik	4
behera	4
beltzak	4
benetako	4
beteta	4
betiko	4
bidean	4
bihotza	4
bikain	4
bizarzuri	4
bizitzea	4
blai	4
boston	4
bueltatuko	4
buruan	4
buruzko	4
cristiano	4
dantzatu	4
daukagu	4
dauzka	4
deituko	4
denek	4
dezaten	4
digu	4
dituen	4
dizu	4
dudana	4
duzunean	4
edango	4
egindako	4
egoera	4
egunkaria	4
ekuadorrekoa	4
emaztea	4
erabilgarria	4
eramaten	4
erdi	4
erloju	4
erori	4
erostera	4
erretzen	4
errusia	4
esatea	4
esateko	4
eskaini	4
esker	4
eskua	4
eskubideak	4
eskutitz	4
esnea	4
euki	4
famatua	4
garaiz	4
garestia	4
gauez	4
gazte	4
gazteleraz	4
gelditzen	4
geratzen	4
gertatutakoa	4
gertatzea	4
gidatzen	4
giza	4
gogorik	4
goizero	4
gorri	4
gurasoekin	4
gustukoa	4
gutun	4
guzti	4
guztiekin	4
guztien	4
guztietako	4
hago	4
hainbeste	4
haragirik	4
harri	4
harry	4
hartuko	4
hego	4
helduko	4
herri	4
hilko	4
hiltzen	4
hiztegia	4
hoberena	4
honako	4
hondartzan	4
honelako	4
horia	4
horko	4
hortzak	4
hurbil	4
ibiltzen	4
ikustea	4
ikusteko	4
independentzia	4
ingeles	4
inguruan	4
iparraldean	4
ipini	4
iraun	4
ireki	4
iritsiko	4
irla	4
irribarre	4
iruditzen	4
itsua	4
itxarongo	4
itzultzen	4
jakitea	4
jakiteko	4
janaria	4
japoniarra	4
jarraitzen	4
jokatzen	4
joko	4
kamiseta	4
kanpo	4
kapela	4
ken	4
kirola	4
lanera	4
lanpetuta	4
lapikotxoa	4
larria	4
laylaren	4
legez	4
maryri	4
milesker	4
moduan	4
nahikorik	4
naturak	4
neu	4
neure	4
neurri	4
nintzateke	4
nongoa	4
nuena	4
oinez	4
onak	4
ontzia	4
oporretan	4
osakan	4
parisen	4
pentsa	4
pianoa	4
politak	4
poltsa	4
pozten	4
prestatzen	4
sarrera	4
seme-alabarik	4
semea	4
sinetsi	4
soineko	4
sukaldean	4
taldean	4
telefono	4
tokion	4
txakurrarekin	4
txar	4
txartela	4
txori	4
umea	4
ur	4
urteko	4
urtxintxak	4
usaintzen	4
uztea	4
zaborra	4
zaharragoa	4
zaie	4
zain	4
zaitezke	4
zalantzarik	4
zaudete	4
zelako	4
zenbait	4
zenetik	4
zentzurik	4
zertarako	4
zeruan	4
zerura	4
zeuden	4
zeukan	4
zidaten	4
zinateke	4
zoaz	4
zopa	4
zortzi	4
zulo	4
zurea	4
zuzena	4
abadearen	3
abokatua	3
adierazten	3
afaltzeko	3
afaltzera	3
afaria	3
agertu	3
agertzen	3
agurtu	3
ahantzi	3
ailegatu	3
aitarekin	3
aldarrikapen	3
aldarrikatu	3
aldatzeko	3
aldeko	3
aldendu	3
aldi	3
alemanieraz	3
alferrik	3
amaieran	3
amona	3
anai	3
aparkatu	3
apur	3
argazkia	3
arrain	3
arren	3
askatu	3
askorik	3
aspertuta	3
asteko	3
astronomia	3
ateratzen	3
atzamarra	3
atzerriko	3
aukeratzekoa	3
aupa	3
aurka	3
aurkituko	3
aurkitzen	3
aurpegi	3
aurrean	3
automatikoa	3
azalpena	3
azkarren	3
azkenean	3
azkenik	3
baditu	3
badugu	3
baimenik	3
banku	3
barne	3
barregarria	3
barruan	3
batasuna	3
batetan	3
batzutan	3
bazara	3
bazekien	3
bazenu	3
bazkaltzeko	3
beharbada	3
beharrean	3
behiak	3
belarri	3
beldurrik	3
berdin	3
berdina	3
berdinak	3
bereizten	3
besteak	3
betea	3
bidaiari	3
bidaiatzen	3
bide	3
bileran	3
birritan	3
bizia	3
biziarteko	3
bizikletaz	3
bolaluma	3
bostetan	3
botika	3
bukatuko	3
bulegoan	3
daitezke	3
dakite	3
dantzan	3
dantzatzea	3
datorren	3
de	3
delako	3
delitu	3
dembora	3
denborarik	3
denean	3
denez	3
denok	3
dibertigarria	3
diet	3
diogu	3
direnak	3
diruak	3
dituzten	3
dituzue	3
dizkiote	3
dizudana	3
duelako	3
duguna	3
dutela	3
edateko	3
edukitzea	3
egintzak	3
egunean	3
egunen	3
ekainaren	3
ekartzen	3
elkartu	3
elur	3
emaidazu	3
emakumeen	3
ene	3
entzutea	3
epaitu	3
erabil	3
eragin	3
eraikin	3
erakusten	3
erakuts	3
erakutsiko	3
erantzuna	3
erlijioa	3
erositako	3
erregea	3
errepublika	3
errudun	3
esaidazu	3
esatera	3
eseri	3
eskuratu	3
etengabe	3
etxearen	3
euri	3
europan	3
euskal	3
ezberdin	3
ezinezkoa	3
ezkonduko	3
eztabaida	3
faltan	3
familian	3
familiarekin	3
farmazia	3
frantziara	3
funtzionatzen	3
futbola	3
gabeko	3
gainditu	3
gaitezen	3
gaixotasun	3
gaizki	3
galtzea	3
galtzen	3
garbitzera	3
garrantzitsu	3
gaua	3
gauero	3
gauzarik	3
gazteagoa	3
gaztelania	3
geldituko	3
genituen	3
genuela	3
gezurretan	3
gidatu	3
gisa	3
gitarra	3
gizaki	3
gizarteko	3
goaz	3
goizeko	3
gomendatu	3
gonbidatu	3
gorako	3
gosea	3
gozatzen	3
gozoak	3
gustazen	3
gustukoena	3
gustura	3
gutxigatik	3
guztatzen	3
guztian	3
guztietan	3
haien	3
hamaika	3
handiena	3
hara	3
haragia	3
harrapatu	3
harrituta	3
harritzen	3
harro	3
has	3
haserretu	3
hasten	3
hauxe	3
hazi	3
helbidea	3
helburu	3
herrialderik	3
herritar	3
herritartasuna	3
hilabetean	3
hilda	3
hirugarren	3
hizketan	3
hiztegi	3
hobeak	3
horman	3
horrelakorik	3
horrengatik	3
horretarako	3
hurbiltzen	3
hutsik	3
ibai	3
ibaia	3
idatzita	3
igandea	3
igo	3
ikasiko	3
ikatz	3
interesgarria	3
irabaziko	3
irakatsi	3
irekiko	3
irtengo	3
irtetea	3
istripua	3
italiako	3
itsasoan	3
itxita	3
itzal	3
itzali	3
itzulpen	3
izarren	3
izatekoa	3
izen	3
janari	3
jango	3
japoniara	3
jasan	3
jasotzeko	3
jatetxe	3
jendeak	3
jim	3
jokatzea	3
kafea	3
kalean	3
kanadan	3
kartzelan	3
kaxa	3
kentzea	3
kezkatu	3
kezkatzen	3
koma	3
komunera	3
konbentzituta	3
konta	3
kontu	3
kontua	3
kotxeak	3
kultura	3
kutxa	3
kyoton	3
laguntzarik	3
laguntzeko	3
lanak	3
lanek	3
lapurtu	3
larrua	3
las	3
laurogeita	3
legeak	3
letra	3
liburutegia	3
lirateke	3
literatura	3
litzaizuke	3
logelan	3
lorerik	3
lortzen	3
lukete	3
maitemindu	3
maitemindurik	3
makina	3
mapa	3
mariarekin	3
mariari	3
marik	3
mary-ri	3
maryren	3
medikuak	3
mendebaldeko	3
minik	3
mintzatzen	3
minutu	3
motatako	3
mugarik	3
mugikorra	3
mundua	3
mutiko	3
mutil-laguna	3
nagusia	3
naun	3
naute	3
nazio	3
negarrez	3
negutegi	3
nekien	3
neskak	3
new	3
neymar	3
nintzenean	3
nireak	3
no	3
nobela	3
norbait	3
nori	3
nuenetik	3
ogia	3
ohi	3
ohitura	3
onari	3
onetan	3
ontzi	3
opa	3
opari	3
ordaindu	3
ordaintzeko	3
oroitzen	3
orri	3
osaba	3
osoz	3
ospetsua	3
ostean	3
paella	3
pare	3
parkean	3
parte	3
partida	3
pasaportea	3
paul	3
pekka	3
pentsatzea	3
persona	3
pertsonak	3
piano	3
piztu	3
piztuta	3
pizza	3
planeta	3
plater	3
politika	3
poliziari	3
posible	3
primeran	3
saguak	3
saiatuko	3
salbatu	3
samiri	3
saria	3
sinesmena	3
sobietar	3
sortu	3
sozialisten	3
subjektu	3
sukaldatzen	3
te	3
telefonoa	3
teleskopio	3
teleskopioa	3
tenisean	3
tiro	3
tren	3
txanda	3
txarrak	3
txikiagoa	3
txikiak	3
txoriari	3
txuria	3
uda	3
uharte	3
ukitu	3
ukitzen	3
umeek	3
urdin	3
urterekin	3
utzidazu	3
utzita	3
zahar	3
zaharrak	3
zailagoa	3
zaituztet	3
zaizkit	3
zaldi	3
zapata	3
zapatak	3
zarata	3
zatoz	3
zazpiki	3
zehaztasun	3
zena	3
zenean	3
zera	3
zeraman	3
zien	3
zientzialari	3
zintzoa	3
ziola	3
ziurtatu	3
zorian	3
zoriontsuak	3
zuekin	3
zugana	3
zuhaitzaren	3
zurearen	3
1950eko	2
3an	2
abade	2
abarrak	2
aberastasun	2
aberats	2
aberatsena	2
abestu	2
abestuko	2
abiadura	2
abizena	2
abusatu	2
adibidez	2
adierazitako	2
aditu	2
aditua	2
adostu	2
afaltzen	2
afrikako	2
aginduak	2
agurrik	2
ahalik	2
ahizpak	2
aho	2
ahoa	2
aholku	2
ahots	2
aitona	2
aitzakia	2
aktiboa	2
aktorea	2
aldaketa	2
aldarea	2
aldatuko	2
alderdi	2
aldia	2
aldian	2
aldian-aldian	2
aldizkaria	2
alemania	2
alemaniarra	2
alferra	2
alkandora	2
alkatea	2
altxatuta	2
altzatzen	2
amaitzen	2
amerika	2
ametsak	2
amodioa	2
anaiari	2
animaliak	2
anitz	2
antza	2
antzeko	2
antzinako	2
apirilaren	2
apurtuta	2
apurtzen	2
arazoa	2
ardoa	2
argazki	2
argitzen	2
arimik	2
arin	2
aritu	2
armak	2
aroan	2
arrantza	2
arratsaldeko	2
arraza	2
arretagatik	2
arriskatu	2
arriskuan	2
arrosa	2
artikulu	2
arto	2
askatasun	2
askok	2
asmoa	2
aspaldi	2
aspaldian	2
astero	2
astronomian	2
asturiarra	2
atarian	2
ate	2
atean	2
atenas	2
atenasera	2
aterako	2
atetik	2
athleticeko	2
atomo	2
atzean	2
atzerrian	2
atzerrira	2
aulki	2
aulkia	2
aurkitzeko	2
aurpegia	2
aurpegiko	2
aurreikusten	2
australia	2
autoak	2
autobus	2
autobusa	2
autoz	2
auzitegi	2
azkenaldian	2
azko	2
babarrun	2
babesteko	2
badakite	2
badaude	2
badaukazu	2
baditut	2
badut	2
baietz	2
baimen	2
bainatzen	2
bakarka	2
bakean	2
bakoitza	2
bakoitzak	2
bakoitzaren	2
baldintza	2
banderak	2
banekien	2
banketxe	2
barka	2
baso	2
bat-batean	2
batak	2
bateko	2
batu	2
bazidan	2
baziren	2
bazkaldu	2
bazkalduko	2
bedeinkatua	2
bederatziak	2
bedi	2
begiek	2
begiekin	2
begiradak	2
begiratuko	2
behar-uzteak	2
behekaldean	2
behintzat	2
bela	2
beldurrez	2
beldurtuta	2
beldurtzen	2
belea	2
bell-ek	2
ben-ek	2
benetazko	2
beranduago	2
berarentzat	2
berbera	2
berberak	2
berde	2
bereizkeriarik	2
berezi	2
berlinen	2
berrian	2
berrogei	2
bertara	2
bertsorik	2
beso	2
besteen	2
besteko	2
besteren	2
betaurreko	2
betean	2
betebeharrak	2
beteko	2
beterik	2
betetzen	2
bezalako	2
bidaia	2
bidaian	2
bidaiatu	2
bien	2
bigarrena	2
biktima	2
bilatu	2
bilatzeko	2
birjina	2
bis	2
bisita	2
bisitatuko	2
bizilekua	2
bizitzak	2
bizkarreko	2
bizkor	2
bizkortzen	2
biztanleen	2
bob	2
boligrafo	2
bonbilla	2
bonfa	2
borrokatzen	2
boston-en	2
botako	2
botila	2
boto	2
bulegora	2
buru	2
burura	2
buztana	2
casilla	2
cesc	2
dagoenik	2
dagozkio	2
dakidan	2
dakizunez	2
dama	2
damutuko	2
dantzatzen	2
dator	2
datoz	2
datu	2
daudela	2
daukana	2
daukate	2
daukazula	2
denak	2
dendara	2
desberdintasun	2
deus	2
dezakedan	2
dezakeen	2
dianak	2
didazun	2
die	2
diezaioten	2
diezazuket	2
dik	2
diozun	2
diru-zorroa	2
ditudan	2
dituela	2
ditugun	2
ditzaket	2
dizkizut	2
dizuet	2
dizute	2
droga	2
dudalako	2
dudanean	2
duenean	2
duenik	2
dugula	2
dutenez	2
eaen	2
edalontzi	2
edari	2
ederki	2
edukiontzi	2
efektua	2
egarri	2
eginda	2
egitean	2
egiterakoan	2
egokia	2
egokiak	2
egona	2
eguerdi	2
eguerdiko	2
egunak	2
eguneko	2
eguneratu	2
egunetan	2
egungo	2
eguzkitako	2
ekonomia	2
elebidun	2
elebidunen	2
elektroiek	2
elektronikoak	2
elikatzen	2
eliza	2
elizara	2
emaitzarekin	2
emakumea	2
emakumeak	2
emazteak	2
emily	2
en	2
energia	2
english-a	2
entrenatzaile	2
entrenatzailea	2
entsalada	2
epaiketan	2
epean	2
era	2
erabiliko	2
erabiltzaile	2
eragiten	2
eraikina	2
eraikinak	2
eraikitzen	2
erakargarria	2
eramango	2
eramatea	2
erdialdean	2
erdietan	2
erein	2
ergatiboa	2
ergatiboak	2
erlazioa	2
erligio	2
erlijio	2
erosketak	2
erostea	2
erraldoia	2
erreforma	2
erregutu	2
errepide	2
erretzeagatik	2
errusieraz	2
erruz	2
es	2
esaldia	2
esamolde	2
esanahia	2
esateagatik	2
eskatuko	2
eskia	2
eskiatzera	2
eskolako	2
eskolan	2
eskolatik	2
eskura	2
esnekiak	2
espainian	2
estaltzen	2
estatubatuar	2
eten	2
etor	2
etorkizunean	2
etsai	2
etsaiak	2
etsanda	2
etxebizitza	2
etxeko	2
europa	2
europara	2
euskaldun	2
euskararen	2
euskaratu	2
euskera	2
eutsi	2
ezagutzeaz	2
ezak	2
ezan	2
ezertarako	2
ezik	2
ezkero	2
ezkonduta	2
ezkontzeko	2
falta	2
festan	2
filmak	2
fisikari	2
fisikoki	2
forma	2
frantzia	2
funtzio	2
futbolean	2
gain	2
gainera	2
gaituena	2
galderak	2
galduko	2
galileok	2
galtzeko	2
garai	2
garaikidea	2
garbituko	2
gastatu	2
gaueko	2
gaurko	2
gauzaren	2
gazta	2
gaztaina	2
gaztelera	2
gehiagorik	2
gehienak	2
gehitu	2
geiago	2
gelako	2
geldi	2
gelditzeko	2
geltokia	2
geltokira	2
geltokiraino	2
geratzeko	2
gerrari	2
getter	2
ginateke	2
gintuela	2
gizakiak	2
gizartearen	2
gizon-emakume	2
goazen	2
gobernuan	2
gogaikarria	2
gogoan	2
gogokoen	2
gogokoenak	2
goiko	2
golpe	2
gomendatzen	2
gora	2
gordailua	2
gorde	2
gordeta	2
gorra	2
gose	2
goxoa	2
graziaz	2
gurasoei	2
gurasoek	2
gurazoekin	2
gurea	2
guri	2
gurina	2
gutuna	2
gutxienez	2
gutxika	2
guztiari	2
haiei	2
haiekin	2
haietako	2
haiz	2
halako	2
halakorik	2
hamabost	2
hamarrak	2
hamarreraino	2
hamasei	2
hamazazpi	2
hanburgesa	2
handiegiak	2
handiekin	2
handik	2
handiz	2
hankak	2
haragi	2
harea	2
harek	2
harrapatzea	2
harremanik	2
harritu	2
hartuta	2
hartzeari	2
hartzera	2
harvard	2
haserretuta	2
hasierako	2
hasiko	2
hasteko	2
hator	2
hauetatik	2
haundiagoan	2
haustea	2
hausten	2
hautatu	2
haziko	2
hegan	2
heriotzaren	2
herriaren	2
