ես	2750
որ	1438
եմ	1393
թոմը	1213
դա	773
նա	756
եք	660
դուք	612
ինձ	576
են	521
դու	506
ուզում	505
թե	465
կարող	459
մենք	442
պետք	428
չեմ	424
ինչ	397
այս	395
հետ	387
շատ	379
էր	376
քեզ	374
մի	331
չի	317
թոմն	316
անել	294
մերին	292
համար	286
ձեզ	284
կարծում	278
նրան	272
չէ	271
թոմին	264
իմ	264
ենք	238
այստեղ	210
այն	207
նրանք	207
ու	206
մասին	198
սիրում	197
ձեր	196
իր	194
սա	190
ավելի	186
լավ	181
նրա	178
էի	171
ոչ	171
նչ	168
թոմի	152
էլ	149
խոսում	149
ամեն	148
ինչո	147
ասաց	143
երբեք	142
բան	140
եթե	136
այդ	131
մեզ	131
դեռ	128
քո	125
այսօր	123
ասել	122
երբ	113
քանի	113
չես	109
ապրում	106
կարո	106
միշտ	104
արդեն	103
ինչու	102
մեր	101
գնալ	100
ժամանակ	100
գիտեմ	99
ինչպես	99
ունի	99
խնդրում	94
մերիին	92
չեք	91
հիմա	89
գալիս	86
ինչ-որ	86
վրա	85
ասում	83
խոսել	83
ֆրանսերեն	83
քան	82
այնքան	81
նոր	80
երեք	78
չեն	78
այնտեղ	76
անում	76
բայց	76
չէր	76
լինել	74
ցանկանում	74
նրանց	73
վաղը	73
երկու	72
անգամ	71
արել	70
էին	69
ունեմ	69
ինչպե	67
այլևս	64
ոչինչ	63
թույլ	62
մեծ	62
մեկը	62
րբ	62
միայն	61
չէի	61
այնպես	60
մոտ	60
որքան	60
չգիտեմ	60
չենք	60
տարի	60
աշխատում	59
գիտի	59
երեկ	59
ւմ	59
առաջ	58
օգնել	58
կա	57
հենց	56
մարիան	56
ոք	56
դուրս	55
ամբողջ	54
գնել	54
ճիշտ	54
մեկ	54
մեջ	54
տանը	54
օր	53
մենակ	50
որտե	50
չե	50
բոլորը	49
գիրքը	49
դրա	49
մերիի	49
որտեղ	49
տուն	49
գիտե	48
գնում	48
օրը	48
դուր	47
եղել	47
երբևէ	47
կարծես	47
հետո	47
տալ	47
բոստոնում	46
սովորել	45
մտածում	44
շաբաթ	44
ով	44
ուրախ	44
փոքր	44
քիչ	44
ուտում	43
սպասում	43
այդքան	42
իսկապես	42
իրեն	42
նման	42
տեսել	42
բոստոն	41
գալ	41
թոմ	41
իմանալ	41
ճանաչում	41
մայրաքաղաքը	41
մեքենան	40
տեսնել	40
լսել	39
անունը	38
ասացի	38
զբաղված	38
որևէ	38
չգիտեի	38
ցույց	38
գեղեցիկ	37
մարդ	37
մինչև	37
չգիտի	37
տեղի	37
առանց	36
գնացել	36
ինչի	36
հաճախ	36
հուսով	36
մարդիկ	36
պարզապես	36
վախենում	36
այլ	35
անգլերեն	35
արագ	35
էիր	35
իրենց	35
կարևոր	35
կլինի	35
հավատում	35
չունեմ	35
անեմ	34
ասա	34
բոլոր	34
դժվար	34
եկեք	34
լինի	34
հասկանում	34
հինգ	34
շուտ	34
փորձում	34
երեկոյան	33
մնալ	33
շուտով	33
սամին	33
անելու	32
եկել	32
երջանիկ	32
թվում	32
միասին	32
նորից	32
տալիս	32
առաջին	31
գիտեի	31
մեքենա	31
նույն	31
ունե	31
ունենք	31
անի	30
ապրել	30
իսկ	30
խաղում	30
հետաքրքիր	30
նախկինում	30
որքա	30
պատրաստ	30
շնորհակալություն	29
ուզու	29
սխալ	29
սովորում	29
վստահ	29
օգնության	29
զգում	28
էիք	28
խնդրեց	28
կան	28
կարիք	28
կցանկանայի	28
հայտնի	28
ներողություն	28
նույնպես	28
պիտի	28
ասացին	27
գիշեր	27
եկավ	27
երկուշաբթի	27
ընկերներ	27
լինելու	27
հույս	27
ունեն	27
տեղ	27
տունը	27
տվեք	27
րն	27
ավստրալիայում	26
գիտես	26
գիտեք	26
գիրք	26
հեշտ	26
սովորաբար	26
սպասել	26
ավստրալիա	25
ատում	25
ծնվել	25
հարուստ	25
չպետք	25
տեսե	25
տեսնում	25
անցյալ	24
գիտեն	24
երկար	24
ժամ	24
պատահել	24
պատրաստվում	24
վատ	24
րոպե	24
այժմ	23
աշխատանքը	23
դրան	23
ժամը	23
խորհուրդ	23
հավանաբար	23
ճշմարտությունը	23
մեկին	23
որը	23
ուղղակի	23
ում	23
ուներ	23
չկա	23
վերջին	23
տվեց	23
այդպես	22
երիտասարդ	22
էինք	22
իրականում	22
կարդում	22
կարողանում	22
մոռացել	22
ուտել	22
պատճառով	22
քաղաքում	22
անհրաժեշտ	21
գնալու	21
դուռը	21
դպրոց	21
լեզու	21
խմում	21
հիանալի	21
միգուցե	21
որոնք	21
չունի	21
գրել	20
զիրին	20
իսկապե	20
կտամ	20
հիվանդ	20
որոշ	20
ուշ	20
ուսուցիչ	20
չափազանց	20
սկսել	20
տարեկան	20
տեսա	20
բավականին	19
բաց	19
գնա	19
իրոք	19
կարդալ	19
կարմիր	19
կլինեմ	19
նույնիսկ	19
ունեք	19
տասը	19
տարօրինակ	19
փնտրում	19
քաղաքի	19
լսում	18
հանդիպել	18
հիշում	18
միայնակ	18
փող	18
փոքրիկ	18
ամենը	17
անձրև	17
աշխատանք	17
աշխատել	17
աշխարհի	17
առավոտյան	17
արեց	17
գալու	17
գրեթե	17
դեմ	17
երկուսն	17
լեզուն	17
խաղալ	17
կիրակի	17
կյանքը	17
կորցրել	17
հայրս	17
մայրաքաղաքն	17
մեկն	17
մտադիր	17
տակ	17
ցանկացած	17
անեք	16
անցած	16
առավոտ	16
բերել	16
գիտենք	16
դանդաղ	16
դաշնամուր	16
երեխա	16
ընդամենը	16
ընդհանրապես	16
թենիս	16
թողել	16
լինեի	16
կարելի	16
հաջորդ	16
հետաքրքրում	16
մարդկանց	16
նվագում	16
ունեցել	16
ուր	16
սոված	16
քնել	16
ևս	16
ամենամեծ	15
այցելել	15
արի	15
բաներ	15
գա	15
գնաց	15
գրքեր	15
եղե	15
երաժշտություն	15
խմել	15
կամ	15
կինը	15
հանգիստ	15
հասկանալ	15
հարց	15
հեռու	15
հոգնած	15
ձայնը	15
մարիային	15
նշանակում	15
նվագել	15
նրանից	15
ունենալ	15
պարզ	15
ջոնին	15
ջուր	15
սենյակը	15
սխալվում	15
սկսեց	15
սուրճ	15
տարբեր	15
տղան	15
փորձեց	15
անմիջապես	14
ասեք	14
բանալին	14
բարձր	14
բոլորն	14
բոլորս	14
գիտեր	14
գումար	14
գուցե	14
գտնել	14
գտնվում	14
գրում	14
դրանից	14
երբեմն	14
ընտանիքը	14
ինձնից	14
իսպաներեն	14
խելացի	14
կեսօրին	14
կլիներ	14
կուզեի	14
կօգնեմ	14
համոզել	14
համոզված	14
հավատալ	14
հեռուստացույց	14
հին	14
հնարավոր	14
հոգնել	14
միակ	14
միմյանց	14
մինչ	14
մտածեցի	14
ունես	14
սենյակում	14
տեսք	14
տուր	14
անես	13
ասեց	13
արժե	13
բավական	13
բոլորին	13
դառնալ	13
դպրոցում	13
երգել	13
երգում	13
երևի	13
զգույշ	13
ժամանակին	13
լինում	13
խնդրել	13
կասես	13
կատարել	13
հայրը	13
հարցրեց	13
ձուկ	13
նամակ	13
նայում	13
շանը	13
որտեղի	13
ուրիշ	13
պատասխանը	13
պատուհանը	13
պես	13
սեղանի	13
սպանել	13
տան	13
այստեղից	12
արդյոք	12
բացի	12
գերմաներեն	12
գնացի	12
դեպքում	12
երեխաները	12
երեկո	12
թոմից	12
թվականին	12
ժամին	12
ինձանից	12
ինչպիսի	12
լիովին	12
լողալ	12
լսե	12
խնդիր	12
խոսելու	12
ծննդյան	12
կարդացել	12
կարոտում	12
կերել	12
կներեք	12
հաղորդագրություն	12
հարյուր	12
հարցին	12
հեծանիվ	12
ձեզանից	12
մայրս	12
միս	12
մնում	12
մոռանալ	12
նամակը	12
նայեց	12
ուշադիր	12
ոքի	12
չկարողացա	12
պատասխան	12
պատասխանել	12
պատմությունը	12
վերադառնալ	12
վստա	12
վստահել	12
վստահում	12
տվեցի	12
ցուրտ	12
օրն	12
ամուսնացած	11
աշխատանքից	11
բաժակ	11
բանի	11
բարի	11
բժիշկ	11
գտա	11
եղբայրս	11
երեսուն	11
ինքը	11
ինքնուրույն	11
իրավունք	11
լավագույն	11
լի	11
կատուն	11
կարծիքը	11
կգա	11
հաղթել	11
համակարգիչը	11
հարգում	11
ճշմարտությունն	11
մարդը	11
մնացել	11
յաննին	11
ներս	11
որպեսզի	11
ուժեղ	11
ունեցավ	11
ուտելու	11
սենյակ	11
վերադարձել	11
վտանգավոր	11
տա	11
տաք	11
տվել	11
ցավում	11
փորձել	11
քաղաքը	11
քնելու	11
օգնություն	11
օգնում	11
ֆիլմը	11
ամենի	10
աներ	10
ասացիր	10
բազմաթիվ	10
բավականաչափ	10
բացատրել	10
բոստոնը	10
գիշերը	10
գնամ	10
գնումներ	10
դնել	10
դրանք	10
դրսում	10
եղավ	10
երեխաներ	10
երեխաներին	10
երկուսս	10
երկրորդ	10
թարգմանել	10
խնդրեք	10
խնձոր	10
խոստացել	10
ծնողները	10
կանգնած	10
կատու	10
կարիքն	10
կարճ	10
կին	10
հասնել	10
հիվանդանոցում	10
հնարավորություն	10
մարդն	10
միևնույն	10
մյուս	10
մորը	10
մտնել	10
նաև	10
նկատի	10
նրանցից	10
որովհետև	10
ուղարկել	10
պահում	10
պլանավորում	10
սիրահարված	10
սիրելի	10
սովորեցնել	10
ստում	10
վարել	10
վեր	10
տեսավ	10
փորձեցի	10
փորձեք	10
ազնիվ	9
այգում	9
այդպիսի	9
այո	9
անգլերենի	9
անընդհատ	9
անցել	9
աշխարհը	9
աշխարհում	9
առաջարկում	9
առյուծները	9
ասելու	9
ավագ	9
ավստրալիան	9
գնաս	9
գնացքը	9
գնեց	9
դիմաց	9
դիտել	9
դոլար	9
ընդունում	9
ընտրություն	9
ժամանակը	9
ինքներդ	9
իրո	9
լողում	9
ծայրամասում	9
կատարում	9
կերպ	9
կվերադառնա	9
կրկին	9
համաձայն	9
հասկացա	9
հավանում	9
հարցում	9
հետևում	9
ձյուն	9
ձև	9
մեծացել	9
մոռանա	9
շունը	9
ողջ	9
որոշում	9
ուշադրություն	9
չափից	9
չգիտեր	9
չորս	9
չունեի	9
չունեն	9
չունենք	9
չուներ	9
պատկերացում	9
պատրաստում	9
պարոն	9
պարտք	9
սերը	9
սպիտակ	9
ստանում	9
ստիպված	9
սրա	9
վերադառնա	9
վերջերս	9
վճարել	9
տարիքի	9
տեղը	9
քնում	9
օգնեք	9
օգտագործել	9
օրերին	9
օրվա	9
ահա	8
աղջկա	8
այսքան	8
այցելեցի	8
անհանգստացնում	8
աշխատանքի	8
աշխատելու	8
աչքերը	8
առաջարկը	8
ասած	8
ասացիք	8
ասեմ	8
արդյո	8
արեցի	8
արեք	8
ափսոսում	8
բացել	8
գարեջուր	8
դեպի	8
դիտում	8
դրեց	8
երանի	8
երբևիցե	8
երգը	8
երկիրը	8
երկրի	8
երևում	8
զանգահարել	8
ընթացքում	8
ընկերն	8
ընկերուհին	8
թեյ	8
թող	8
թողնել	8
թռչում	8
ժամանել	8
իմանամ	8
ինչը	8
իրար	8
լաց	8
լինեմ	8
լինես	8
լիներ	8
լուրջ	8
լսեք	8
խնդիրը	8
խնդրես	8
խոսեմ	8
խոսենք	8
կախված	8
կանի	8
կասկածում	8
կարդացե	8
կարիքը	8
կարում	8
կենդանի	8
կյանքում	8
կօգնի	8
հանդիպումը	8
հաստատ	8
հիվանդանոց	8
հստակ	8
ճանապարհորդել	8
մարդուն	8
մոսկվայում	8
նյու	8
նորմալ	8
նստած	8
նստել	8
նստեց	8
շնորհակալ	8
որոշեց	8
չկարողացավ	8
պահին	8
պաշտպանել	8
պատկանում	8
ջոնը	8
ռիման	8
սեղանին	8
սխալները	8
սուրբ	8
վաղ	8
վերադարձավ	8
վերցնել	8
վեց	8
տամ	8
տաս	8
տեսնելու	8
րոպեից	8
ցանկանու	8
ցանկություն	8
փոխել	8
փողը	8
փողոցում	8
փորձենք	8
քեզնից	8
քույրը	8
օդանավակայան	8
ազատ	7
աղջիկը	7
ամիս	7
ամուսնանալ	7
անենք	7
անձամբ	7
անունով	7
անց	7
անցկացնել	7
անցկացնում	7
անցկացրել	7
ապահով	7
առաջինը	7
առնվազն	7
ասի	7
արա	7
արդար	7
արեցիր	7
արթնանում	7
բանալիները	7
բանը	7
բավարար	7
գաղափար	7
գերմանիայում	7
գինի	7
գումարը	7
գույնը	7
դասավանդում	7
դպրոցի	7
եղբայր	7
եղեք	7
երեխան	7
երեխաների	7
զայրացած	7
զանգիր	7
ընդունել	7
թանկ	7
ժամանակն	7
ժամացույցը	7
իմանա	7
լավն	7
լեզվով	7
լսեցի	7
լվանում	7
խոսեցի	7
կանադացի	7
կանայք	7
կատարվում	7
կգնեմ	7
կես	7
կեսը	7
կզանգեմ	7
կոպիտ	7
կուզենայի	7
կցանկանա	7
հաղթելու	7
հաճույք	7
համարում	7
համոզվա	7
հանդեպ	7
հանդիպե	7
հարցեր	7
հարցը	7
հարցրու	7
հեռանալ	7
հոտ	7
հոր	7
հպարտանում	7
ձեզնից	7
ճանաչո	7
մեկնել	7
մերիից	7
միանգամից	7
նչն	7
շախմատ	7
ովքեր	7
որոշումը	7
որպես	7
ութ	7
ունեի	7
ունենա	7
չանել	7
չգիտես	7
չունես	7
չունեք	7
պահի	7
պատուհանները	7
պատվիրել	7
պարել	7
պետկ	7
ջրի	7
սկսեցին	7
սկսում	7
սկսվում	7
սովորելու	7
սովորեք	7
սուրճը	7
վազում	7
վարչական	7
վերադառնում	7
վերջապես	7
տեսնեք	7
տխուր	7
տնային	7
տնից	7
ցուցակ	7
քեզանից	7
օգնելու	7
օգտագործում	7
ֆրանսերենի	7
ազգանունը	6
աղքատ	6
ամենաշատը	6
ամերիկացի	6
այսպես	6
այցելելու	6
անգլիայում	6
անկողնում	6
անհանգստանում	6
անհնար	6
անունս	6
անցնում	6
ապացուցել	6
առնել	6
առողջ	6
առցանց	6
ասես	6
արեցիք	6
բարդ	6
բացատրությունը	6
բերեց	6
բժիշկը	6
բոստոնից	6
բռնելու	6
գլխարկ	6
գնե	6
գնեմ	6
գնեցի	6
գործի	6
գործիք	6
գրասենյակ	6
գրեց	6
դասերը	6
եկա	6
երազում	6
երգ	6
երկրում	6
զանգահարեց	6
զգեստը	6
ընկավ	6
ընկերները	6
ընկերոջս	6
թիմը	6
թույլատրվում	6
ժամից	6
իհարկե	6
իմը	6
ինչքան	6
իրական	6
իրենից	6
լուծել	6
լուռ	6
խմելու	6
խնդիրն	6
խնդրեցի	6
ծնողների	6
ծնողներին	6
ծնողներս	6
կաթ	6
կանգ	6
կանոնները	6
կասեմ	6
կատարելու	6
կարգի	6
կարծիքով	6
կարողանա	6
կարողանայի	6
կգնանք	6
կենտրոնն	6
կզանգահարեմ	6
կիթառ	6
կինոթատրոն	6
կյանք	6
կորցրեց	6
կսպասի	6
կտա	6
կցանկանայիք	6
հագել	6
հազվադեպ	6
համակարգիչ	6
համարյա	6
համբուրել	6
հանդիպման	6
հասել	6
հասկանու	6
հասկացել	6
հարբած	6
հարձակվել	6
հարցնում	6
հարցրեք	6
հեռախոսը	6
հիմար	6
հիշել	6
հոկտեմբերի	6
ձկնորսության	6
ճաշ	6
ճապոնիայի	6
մազերը	6
մաղթում	6
մայրը	6
մանրամասնություններ	6
մարդու	6
մարզի	6
մարիայի	6
մեզանից	6
մեքենայի	6
մեքենայով	6
միլիոն	6
միրգ	6
մնա	6
մտածել	6
մտավ	6
յոթ	6
նախադասություն	6
նախադասություններ	6
նախընտրում	6
նկատմամբ	6
նկարագրել	6
նկարները	6
շոկոլադ	6
որոշել	6
ուսուցիչը	6
չասաց	6
չասացիր	6
չգիտե	6
չգիտեն	6
չգիտենք	6
չինարեն	6
պահել	6
պատահաբար	6
պատմեց	6
պատրաստել	6
պնդում	6
ռնգեղջյուրները	6
սիրո	6
սպասենք	6
ստացա	6
ստացել	6
վազել	6
վաղուց	6
վիճակում	6
վիճել	6
տանել	6
տարով	6
տարվա	6
տեղափոխվել	6
տեսակ	6
տեսանք	6
տեսնու	6
տրամադրություն	6
ցուցակում	6
ւր	6
փակել	6
փարիզ	6
փոխվել	6
քնած	6
օգնի	6
օգտակար	6
օտար	6
ֆիլմեր	6
ֆրանսերենը	6
ալժիր	5
ակնհայտորեն	5
ամաչկոտ	5
ամենալավ	5
ամերիկայում	5
ամերիկան	5
ամուսնացավ	5
այգի	5
այստե	5
անգլերենը	5
անհանգստացեք	5
անհանգստացիր	5
անհարմար	5
անձրևի	5
անմեղ	5
ասացեք	5
ասեցի	5
ավարտել	5
արդյունքները	5
արևը	5
բանն	5
բանտում	5
բացարձակապես	5
բժշկի	5
բոբը	5
բրինձ	5
գալուստ	5
գնանք	5
գնացինք	5
գոլֆ	5
գոյություն	5
գոնե	5
գտնում	5
գրադարանում	5
դարձավ	5
դպրոցը	5
եղանակը	5
եղիր	5
եսասեր	5
երաժշտությունը	5
երկիր	5
զանգի	5
զգուշացրել	5
էժան	5
ընդունակ	5
ընկերների	5
ընկերուհի	5
թողեք	5
թռչունները	5
իմանաս	5
իմանաք	5
ինչն	5
ինքդ	5
ինքն	5
ինքս	5
իրենք	5
լինենք	5
լինեք	5
լողալու	5
լուծելու	5
լռել	5
լռությունը	5
լրիվ	5
խաբել	5
խնձորը	5
խոսե	5
խոսի	5
խոսու	5
խոստանում	5
խուսափել	5
ծաղիկները	5
ծանոթացել	5
կայարան	5
կանաչ	5
կանեմ	5
կանես	5
կանեք	5
կառուցել	5
կատարյալ	5
կար	5
կգնա	5
կգտնեմ	5
կենդանաբանական	5
կերա	5
կլինե	5
կմնամ	5
կնոջը	5
կողմում	5
կողքին	5
կոնկրետ	5
կոշիկները	5
կոտրված	5
կուղարկեմ	5
կտեսնենք	5
կտևի	5
հաղթի	5
համբերատար	5
համբերություն	5
հայելին	5
հանդիպեցի	5
հանկարծ	5
հաջողության	5
հասավ	5
հաստատել	5
հավատա	5
հատկապես	5
հարմարավետ	5
հարցնել	5
հեռախոսով	5
հեռանա	5
հետաքրքրված	5
հիանում	5
հիմնականում	5
հիշու	5
հյուրանոց	5
հնարավորինս	5
հոգ	5
հրաժարվեց	5
ձայն	5
ձեռնոցները	5
ձեռքը	5
ձմռանը	5
ճանապարհը	5
ճապոնիայում	5
ճի	5
ճիշտն	5
մահացավ	5
մահացել	5
մայրիկը	5
մանրամասնություն	5
մանրամասնությունները	5
մատանին	5
մեկնելու	5
միացյալ	5
մնալու	5
մոտակայքում	5
մութ	5
յուրաքանչյուր	5
նախադասությունը	5
նախաճաշը	5
նայեք	5
նվեր	5
շա	5
շագանակագույն	5
շոգ	5
շուն	5
շտ	5
ոմանք	5
ոտքով	5
ուզո	5
ուղիղ	5
ունենում	5
ուշանալու	5
ուշանում	5
ուսուցիչն	5
ուսուցչի	5
չկար	5
չհասկացա	5
պատճառը	5
պատմել	5
պատմություն	5
պարտավոր	5
ռուսաստանում	5
սազում	5
սեփական	5
սիրել	5
սիրու	5
սկուրան	5
սկսեցի	5
սնունդ	5
սովոր	5
սովորեցնում	5
սուտ	5
սպասեք	5
ստիպեց	5
սրանք	5
սև	5
վաճառել	5
վարում	5
վերադառնամ	5
վերադարձնել	5
վերարկու	5
վերարկուն	5
տաղանդավոր	5
տարավ	5
տարբերվում	5
տարին	5
տեսակի	5
տնտեսական	5
ցանկանա	5
փաստաբանին	5
փորձի	5
քաղաք	5
քաղաքացի	5
քանիսի	5
քարտեզ	5
քնեցի	5
քննությունը	5
քշել	5
քույր	5
օգնեմ	5
օգտագործեք	5
օլիմպիական	5
ֆուտբոլ	5
30-ին	4
ալժիրը	4
ալժիրի	4
ալկոհոլ	4
ակնոցները	4
ամառային	4
ամենագեղեցիկ	4
ամենն	4
ամուսինը	4
ամուսնանալու	4
այդպե	4
այնտեղի	4
այսօրվա	4
այցելում	4
անակնկալ	4
անեիք	4
անձնագիրը	4
անձնական	4
անպայման	4
անջատել	4
անվանում	4
անցավ	4
անցկացրեց	4
անցյալը	4
անօգուտ	4
աշխատանքով	4
աշխատելիս	4
աշխարհով	4
ապուր	4
առաջարկ	4
առավ	4
առատաձեռն	4
առյուծը	4
աստղ	4
ավել	4
արածը	4
արժանի	4
արձակուրդ	4
արձակուրդները	4
արյան	4
արյուն	4
բա	4
բաղկացած	4
բանան	4
բանաստեղծ	4
բառ	4
բառը	4
բասկետբոլ	4
բացասական	4
բեյսբոլ	4
բնակարան	4
բնության	4
բոլորի	4
բջջային	4
բրազիլիան	4
գաղտնիքը	4
գամ	4
գաս	4
գաք	4
գետի	4
գինը	4
գիտնականները	4
գլխավոր	4
գլխացավ	4
գնահատում	4
գնացե	4
գնացեք	4
գոհ	4
գողացել	4
գործ	4
գործը	4
գրած	4
գրեք	4
դանակը	4
դատարկ	4
դե	4
դիտմամբ	4
դո	4
դպրոցից	4
դպրոցն	4
դռան	4
դրեցի	4
դրեք	4
եղբայրը	4
եղբայրն	4
եղբոր	4
եվրոպայում	4
ետ	4
ետևում	4
երգիչ	4
երեխաներն	4
երկնքում	4
երրորդ	4
զանգել	4
զարմացնել	4
զբաղվա	4
զբաղվել	4
զբաղվում	4
զբոսանքի	4
զինվորները	4
էլեկտրական	4
էն	4
ընդհանուր	4
ընթրիք	4
ընթրում	4
ընկերներս	4
ընտանիքի	4
թարգել	4
թարմ	4
ժամանակի	4
իմանայի	4
ին	4
իսկական	4
իտալիա	4
լեզուներ	4
լինեին	4
լոնդոնում	4
լուծվում	4
լույսը	4
լսեց	4
խաղ	4
խանութը	4
խելագար	4
խմբի	4
խնդիրներ	4
խնդրանքը	4
խնձորները	4
խոհանոցում	4
խոսեց	4
խոսեք	4
խոստացավ	4
ծանոթ	4
ծանոթանալ	4
ծանր	4
ծառը	4
ծառի	4
ծեր	4
ծիծաղում	4
ծխելը	4
ծնողներդ	4
ծրագիրը	4
կայարանում	4
կանանց	4
կանգնեց	4
կանգնեցնել	4
կանեի	4
կապված	4
կասի	4
կատարվել	4
կատուները	4
կարդալու	4
կենդանիներ	4
կերե	4
կիլոմետր	4
կինն	4
կլինենք	4
կլինես	4
կկարողանա	4
կհասկանաք	4
կմնա	4
կնայենք	4
կներես	4
կորցնել	4
կունենա	4
կուշանաս	4
կպատմեմ	4
կսպասեմ	4
կտեսնեմ	4
կտեսնվենք	4
կրում	4
կրտսեր	4
կցանկանար	4
հաղթեց	4
հաճելի	4
համարը	4
հայելու	4
հանեց	4
հանկարծակի	4
հաշիվը	4
հասա	4
հասանք	4
հասաք	4
հասկանա	4
հասնեմ	4
հավանական	4
հավատու	4
հավերժ	4
հատուկ	4
հարկավոր	4
հարցի	4
հարցրել	4
հարցրեցի	4
հեռուստացույցի	4
հետևից	4
հերիք	4
հինգին	4
հյուրանոցում	4
հնարավո	4
հոգի	4
հոյակապ	4
հորս	4
հույսը	4
հպարտ	4
հրաժարվում	4
հրավիրել	4
ձեռք	4
ձեռքերը	4
ձմեռային	4
ճանապարհորդության	4
ճանապարհորդում	4
ճապոներեն	4
մայրենի	4
մանրամասն	4
մասամբ	4
մարդկանցից	4
մաքուր	4
մեծանամ	4
մեկի	4
մեքենայում	4
միջոցներ	4
միջև	4
մնամ	4
մնաց	4
մնացի	4
մնաք	4
մոխրագույն	4
մոռանալու	4
մոռացե	4
մոռացեք	4
մոսկվան	4
յոթին	4
յորք	4
յուրաքանչյուրը	4
նախ	4
նախապես	4
նախատեսում	4
նախկին	4
նամակին	4
նայես	4
նարինջ	4
նկատել	4
նկարը	4
նշանի	4
նպատակով	4
շաբաթը	4
շաբաթվա	4
շահագրգռված	4
շան	4
շատերը	4
շարունակեց	4
շարունակում	4
շիշ	4
շուրջը	4
շտապ	4
շտապում	4
ոստիկանությունը	4
որդին	4
որդուն	4
որոշակի	4
որոշեցի	4
որտեղից	4
ուզել	4
ուղարկեց	4
ուղղությամբ	4
ուղևորությունը	4
ունենալու	4
ուսանող	4
ուսուցիչներ	4
չանես	4
չգա	4
չգիտեք	4
չէին	4
չէինք	4
չկան	4
չհասկացավ	4
չնայած	4
չստացվեց	4
չտեսա	4
չտվեց	4
պահից	4
պաղպաղակ	4
պայուսակում	4
պատասխանեց	4
պատուհանից	4
պատրաստված	4
պարզել	4
պարզենք	4
պորտուգալերեն	4
ռադիոն	4
սարքել	4
սենյակից	4
սիրած	4
սխալվել	4
սկզբում	4
սնունդը	4
սովորելը	4
ստել	4
ստիպել	4
վայրեր	4
վայրի	4
վայրն	4
վարդերը	4
վերադարձա	4
վերջ	4
վերջը	4
վերցրեց	4
վեցին	4
վիճակը	4
վիճակի	4
վիրավորել	4
վճարելու	4
վտանգի	4
տանն	4
տանում	4
տարածված	4
տարիներին	4
տաքսի	4
տեղեկացրեք	4
տեսնեմ	4
տեսնեն	4
տեսնի	4
տիեզերքում	4
տորթը	4
տպավորված	4
ցավին	4
փակ	4
փակեց	4
փարիզում	4
փետրվարին	4
փոխելու	4
փոխում	4
փորձ	4
փրկելու	4
քաղաքավարի	4
քաղաքն	4
քամ	4
քենը	4
քնի	4
քսան	4
քրտնաջան	4
օգտվել	4
ֆուտբոլային	4
ֆրանսիայում	4
google	3
ազատությունը	3
ալժիրում	3
ակնկալում	3
ակնոցնե	3
ահավոր	3
աղաչեց	3
աղջիկն	3
աղջկան	3
աճի	3
ամառ	3
ամենադժվար	3
ամենակարևոր	3
ամենավատ	3
ամենից	3
ամենուր	3
ամերիկա	3
ամն-ում	3
ամուսնանում	3
ամուսնացել	3
ամսվա	3
այլև	3
այնպիսի	3
այսպիսի	3
այսպիսով	3
անարդար	3
անգամը	3
անգամն	3
անգիր	3
անգլիայի	3
անդամ	3
անեի	3
անեինք	3
անեիր	3
անեն	3
անհամբեր	3
անհանգստանալու	3
անհապաղ	3
անձրևը	3
աննան	3
անվճար	3
անվտանգ	3
աշակերտներից	3
ապա	3
ապագայի	3
ապավինել	3
առաջադրանքների	3
առաջարկել	3
առաջարկեց	3
առկա	3
ասածը	3
ասածին	3
ասեցին	3
ավելին	3
ավտոբուս	3
ատամնաբույժի	3
ատամներ	3
ատամները	3
արաբերեն	3
արդյունքում	3
արեցինք	3
արթուն	3
արժի	3
արկղը	3
արհամարհում	3
արհեստական	3
արև	3
արևոտ	3
աֆրիկայում	3
բաժանված	3
բաները	3
բառարան	3
բառեր	3
բարձրացավ	3
բացարձակ	3
բացեք	3
բացիր	3
բացում	3
բեյսբոլի	3
բժշկին	3
բնական	3
բնակչությունը	3
բոլորից	3
բոլորովին	3
բողոքում	3
բոսթոն	3
բոստոնի	3
գազանանոց	3
գալը	3
գաղափարը	3
գաղտնաբառը	3
գաղտնի	3
գաղտնիք	3
գեթ	3
գետը	3
գեր	3
գերազանց	3
գերմանական	3
գերմաներենը	3
գինին	3
գիշերով	3
գիտեինք	3
գիտեիր	3
գիրքն	3
գլուխ	3
գլուխը	3
գյուղում	3
գնալը	3
գնացին	3
գնաք	3
գնդակը	3
գնի	3
գնով	3
գոռում	3
գործն	3
գործում	3
գույնի	3
գույնն	3
գուշակել	3
գտավ	3
գտել	3
գտնվող	3
գրասեղանի	3
գրիչ	3
գրքում	3
դաժան	3
դանակ	3
դանիերեն	3
դառնամ	3
դառնում	3
դասական	3
դասարանի	3
դասը	3
դարձել	3
դարձնում	3
դեղը	3
դեմք	3
դեմքը	3
դժբախտ	3
դժվա	3
դիմանալ	3
դիմացի	3
դիմել	3
դոլարով	3
դողում	3
դուրը	3
դուրսը	3
դպրոցական	3
դստեր	3
դրամապանակը	3
դրամապանակս	3
դրանով	3
դրել	3
եի	3
եկեղեցին	3
եկող	3
եղբայրները	3
եղբորս	3
ենթադրենք	3
ենթադրում	3
ենթարկվել	3
եր	3
երաշխավորել	3
երեխաներս	3
երեկվա	3
երկինքը	3
զանգահարեցի	3
զանգահարեք	3
զանգեմ	3
զանգում	3
զարմանում	3
զգաց	3
զգացմունքները	3
զգեստ	3
զիրիի	3
զրոյից	3
էլի	3
էներգիայի	3
էսօր	3
ընդունեց	3
ընդունեք	3
ընթրիքին	3
ընկեր	3
ընկերասեր	3
ընկերը	3
ընկերներից	3
ընկերներն	3
ընկերոջ	3
ընկերոջը	3
ընկերությունը	3
ընկերուհուն	3
ընկնելը	3
ընտանիք	3
ընտանիքին	3
ընտանիքիս	3
թագը	3
թազա	3
թարգմանեմ	3
թարգմանիչ	3
թաքավոր	3
թեման	3
թերթը	3
թո	3
թողեց	3
թողնես	3
թողնի	3
թողնում	3
թոշակի	3
թուղթը	3
թռչել	3
ժամանեցի	3
ժամացույց	3
իմաստ	3
իմացա	3
իմացար	3
ինչքա	3
ինքնաթիռը	3
ինքներս	3
իջել	3
իրան	3
իրավաբան	3
իրավիճակ	3
լա	3
լալիս	3
լայլային	3
լայն	3
լեզուներով	3
լեզվի	3
լեհ	3
լիճը	3
լիտր	3
լողափում	3
լոնդոն	3
լոնդոնը	3
լուծում	3
լույս	3
լսի	3
լսու	3
լվացել	3
խաղալու	3
խաղացե	3
խաղացեք	3
խաղերը	3
խանութ	3
խի	3
խիզախ	3
խմեց	3
խմեցի	3
խնդիրների	3
խնդրեցին	3
խնդրի	3
խոհանոցը	3
խոհարար	3
խոսես	3
խոսեցինք	3
խոստացա	3
խոստացիր	3
խոստովանեց	3
խոսքը	3
խորհրդակցեք	3
խորհրդին	3
խումբը	3
ծաղիկներ	3
ծաղիկներով	3
ծաղկում	3
ծայր	3
ծայրից	3
ծառեր	3
ծիծաղելի	3
ծիծաղեցնել	3
ծնունդ	3
ծովային	3
ծովի	3
կամավոր	3
կամուրջը	3
կայացնել	3
կանգնել	3
կանեիք	3
կաներ	3
կանոնը	3
կանչեց	3
կապ	3
կապը	3
կատակում	3
կատարեց	3
կատարվածի	3
կատուների	3
կարդացի	3
կարծիքն	3
կարողանաս	3
կարոտել	3
կացավ	3
կգնամ	3
կենդանիներին	3
կիթառը	3
կիոտո	3
կիսում	3
կլինեք	3
կխնդրեմ	3
կխոսեմ	3
կհանդիպենք	3
կհասկանաս	3
կղզին	3
կմնանք	3
կնախընտրե	3
կոշիկներ	3
կովերը	3
կուշանա	3
կուշանաք	3
կվերադառնամ	3
կցանկանայինք	3
կփորձեմ	3
հագնում	3
հագուստի	3
հազար	3
հազիվ	3
հակառակ	3
հաղթում	3
հաճա	3
հաճույքով	3
համաշխարհային	3
համարձակվում	3
համբերության	3
համբերում	3
համոզեց	3
համոզի	3
հայացքից	3
հայր	3
հայրենիքը	3
հանդիպելու	3
հաջողակ	3
հաջողություն	3
հասկացավ	3
հասնի	3
հասցեն	3
հավելյալ	3
հատ	3
հարազատներ	3
հարավ	3
հարմար	3
հարցնելու	3
հարևաններ	3
հարևանների	3
հարևաններին	3
հեղինակը	3
հեշտությամբ	3
հեռախոս	3
հեռացավ	3
հեռուստացույցը	3
հետապնդում	3
հետաքրքրվա	3
հետևեք	3
հիշեցնել	3
հիսուն	3
հյուրերը	3
հնդկաստանում	3
հնչում	3
հովանոց	3
հորաքույրս	3
հորեղբայրս	3
հորը	3
հուսանք	3
հրավիրված	3
հրդեհի	3
ձախ	3
ձեռքին	3
