ir	2372
es	2111
man	955
ka	802
vai	712
toms	697
to	695
tas	685
viņš	650
un	637
tu	572
ar	519
par	480
kā	459
bija	455
no	442
nav	400
ko	397
viņa	385
esmu	343
uz	340
tā	315
kas	304
ļoti	300
mēs	291
mani	275
lai	255
tev	255
tik	236
jūs	233
savu	202
bet	199
būt	193
daudz	182
viņam	179
var	167
viņi	167
kaut	165
ja	163
viņu	161
mums	155
pārāk	150
patīk	147
kad	146
ne	145
tomam	144
tikai	135
jums	132
esi	126
kāpēc	124
darīt	121
marija	120
cilvēki	115
šo	114
neesmu	112
pēc	110
šodien	110
šī	109
tevi	102
nevaru	101
arī	99
cik	98
mana	97
jau	96
lūdzu	96
labi	95
teica	95
nekā	94
jūsu	90
vienkārši	90
vienmēr	90
vairāk	89
labāk	88
mans	88
vairs	87
jo	85
šis	85
mūsu	83
sevi	83
nepatīk	82
visu	81
kāds	78
varētu	78
būtu	77
diezgan	77
nebija	77
viņai	77
nezinu	76
nekad	75
vēl	75
bez	73
pats	73
kur	72
tomu	72
vajadzētu	72
pret	71
viņiem	71
biju	70
šeit	70
pie	69
jūtos	68
viss	68
izdarīt	66
domāju	65
pa	65
palīdzēt	65
pat	63
viens	63
gribu	62
dzīvi	61
tiešām	61
šķiet	61
vajag	60
vien	60
līdz	59
tad	59
tam	59
tika	59
laiku	58
nevar	58
tagad	58
visi	58
varu	57
neko	56
cilvēkiem	55
tur	54
tās	54
viegli	54
cilvēku	53
bieži	52
viņas	52
valodu	51
vari	51
manu	50
kurš	49
kādu	49
savas	49
gan	48
zinu	47
dienu	46
gandrīz	46
laiks	45
nekas	45
joprojām	44
dzīve	43
esam	43
labs	43
laikam	43
laikā	43
doties	42
grūti	42
jādara	42
toma	42
savā	41
valodā	41
būs	40
cilvēks	40
gadā	40
iespējams	39
mazliet	39
nevis	39
tava	39
esat	38
mājās	38
varbūt	38
šajā	38
izskatās	37
kāda	37
negribu	37
agrāk	36
dzīvot	36
domā	35
pirms	35
runā	35
runāt	35
vienu	35
iet	34
katru	34
parasti	34
saka	34
ātri	34
dzīvo	33
lietas	33
pateikt	33
redzēt	33
tie	33
vajadzēja	33
varat	33
marijai	32
reizēm	32
slikti	32
tavu	32
tiek	32
ceru	31
tavs	31
darbu	30
ilgi	30
kopā	30
nesaprotu	30
neviens	30
sev	30
taisnība	30
trīs	30
ēst	30
īsti	30
šīs	30
atkal	29
bailes	29
citu	29
daru	29
dēļ	29
jābūt	29
manas	29
mūs	29
angļu	28
atrodas	28
grāmatu	28
laba	28
paldies	28
pārliecināts	28
valodas	28
diena	27
kafiju	27
kādreiz	27
kādēļ	27
manis	27
nebiju	27
nemaz	27
vakar	27
valoda	27
ūdens	27
cilvēka	26
citiem	26
draugs	26
laika	26
nevajadzētu	26
nevajag	26
nē	26
sapnis	26
zināt	26
gatavs	25
kuru	25
naudu	25
spēlēt	25
tādu	25
vispār	25
atrast	24
dzīves	24
gribi	24
gribētu	24
kļuva	24
starp	24
sāka	24
visas	24
zemes	24
devās	23
dienas	23
kam	23
likās	23
mīlu	23
nebūtu	23
saules	23
skaista	23
te	23
tāds	23
visiem	23
beidz	22
droši	22
galā	22
garšo	22
grib	22
kļūst	22
mēdz	22
mūzika	22
noguris	22
patiešām	22
pietiekami	22
tēvs	22
viena	22
vārdu	22
vēlas	22
zina	22
ziri	22
aizmirsu	21
dzert	21
galvaspilsēta	21
justies	21
lika	21
nevajadzēja	21
noteikti	21
priekšroku	21
savus	21
taču	21
varam	21
apnicis	20
cukura	20
izmanto	20
lasīt	20
notika	20
pasaulē	20
redzēju	20
sauc	20
veselību	20
vārds	20
vēlaties	20
zināju	20
īpaši	20
baidos	19
beidzot	19
durvis	19
dzimšanas	19
dzīvē	19
it	19
izdarīju	19
kādas	19
labu	19
mēdzu	19
nedomāju	19
nespēju	19
pāri	19
saprast	19
sava	19
saviem	19
sirds	19
spēj	19
vēlreiz	19
zini	19
ārā	19
atpakaļ	18
cilvēkus	18
izskaties	18
jautājums	18
jutos	18
kļūt	18
liek	18
mācīties	18
naudas	18
nezina	18
paliek	18
patiesībā	18
pelnījis	18
prieks	18
sapņi	18
skaļi	18
slinks	18
tikko	18
vismaz	18
šie	18
dažas	17
dzīvoju	17
garām	17
gribēju	17
iespēja	17
laimīgs	17
mājas	17
nevēlas	17
pati	17
pašu	17
rīt	17
tajā	17
teikt	17
uzmanību	17
agri	16
alkohola	16
balss	16
bijis	16
būšu	16
darītu	16
daudzi	16
dodu	16
dzimis	16
dzirdēt	16
franču	16
gulēt	16
janni	16
kamēr	16
kurā	16
liela	16
maku	16
nomākts	16
nopietni	16
noticēt	16
notiek	16
nu	16
otru	16
padara	16
palikt	16
pārsteigts	16
pēkšņi	16
redzējis	16
sieviete	16
slikts	16
strādā	16
suns	16
tālāk	16
vaina	16
vienīgais	16
vērts	16
ļauj	16
šobrīd	16
daži	15
dažreiz	15
gadu	15
grāmata	15
jauns	15
jautājumu	15
katrs	15
knapi	15
krāsa	15
kļūdas	15
lielākā	15
manā	15
mazāk	15
nevienam	15
nevēlos	15
nāk	15
palīdzību	15
pasaule	15
pašam	15
priekš	15
prom	15
puses	15
sami	15
strādāt	15
tiem	15
vajadzīgs	15
veids	15
acis	14
aiz	14
alkohols	14
bostonā	14
dara	14
divas	14
dod	14
dzer	14
gaidīju	14
grāmatas	14
iespēju	14
kaķis	14
kādi	14
mūziku	14
nevarēju	14
paša	14
pilnībā	14
sevis	14
sāk	14
valsts	14
veidā	14
viedokli	14
vēlos	14
vēlāk	14
zeme	14
ziņā	14
ļaujiet	14
šķita	14
aizņemts	13
atkarīgs	13
bijām	13
bērni	13
daudzas	13
dziesmu	13
esot	13
gribēja	13
interesanti	13
izklausās	13
izturēt	13
jūtas	13
kādā	13
labā	13
mainīt	13
manuprāt	13
matus	13
mājā	13
neesi	13
negribēju	13
nezināju	13
nožēloju	13
pacietīgs	13
palīdz	13
pareizi	13
pateica	13
patiesību	13
pieradis	13
pirmais	13
problēma	13
problēmas	13
pārmaiņas	13
pēdējā	13
reizi	13
savām	13
sievietes	13
sirdsapziņa	13
skolu	13
spēle	13
tavas	13
teikumu	13
tieši	13
tikt	13
turpināja	13
tādēļ	13
tāpēc	13
tēju	13
uzskatu	13
vienā	13
visa	13
viņus	13
vēlies	13
avokado	12
brazīlijā	12
cilvēkam	12
cits	12
dari	12
darīja	12
daļa	12
dažādas	12
desmit	12
domājat	12
drīz	12
dīvaini	12
gadus	12
gaidīt	12
galvenais	12
godīgi	12
izdevās	12
izmantot	12
katram	12
klausīties	12
latviešu	12
liels	12
māju	12
nebūs	12
nedēļas	12
nepatika	12
pagājušajā	12
pasauli	12
prātā	12
savai	12
skatīties	12
sāku	12
sākumā	12
tikpat	12
traks	12
tālu	12
vajadzīga	12
vecāki	12
veida	12
bail	11
bailēm	11
brālis	11
citi	11
darba	11
dažiem	11
dienā	11
draugi	11
gaismas	11
iedeva	11
ik	11
istabā	11
izdarījis	11
jutās	11
koka	11
kokos	11
lietām	11
marijas	11
mariju	11
mierīgi	11
nakti	11
nauda	11
neatceros	11
nevienu	11
nopirkt	11
nozīmē	11
pasaules	11
paskaidrot	11
pilsētas	11
problēmu	11
rokas	11
runāja	11
saprāts	11
savam	11
smieklīgi	11
suni	11
tevis	11
tom	11
tos	11
troksnis	11
tāda	11
tāpat	11
uzskata	11
uzvarēt	11
zemē	11
zupa	11
ēd	11
šim	11
žēl	11
angliski	10
atstāja	10
baterijas	10
bērniem	10
bērnu	10
caur	10
draugu	10
drošs	10
durvīm	10
dzirdēju	10
dzīvnieki	10
dzīvoja	10
filma	10
filmu	10
gada	10
garlaicīgi	10
ienīst	10
izdarīja	10
jautājumus	10
klavieres	10
kopš	10
kurls	10
kādam	10
lielu	10
logu	10
manam	10
mežā	10
mieru	10
māja	10
māksla	10
mēdza	10
mēģināju	10
nedaudz	10
negaidīti	10
nejūtos	10
nepareizi	10
nerūp	10
nespēj	10
nevaram	10
nozīme	10
pamodos	10
pasaki	10
pateicīgs	10
patika	10
pirmo	10
plāns	10
pārliecinošs	10
rada	10
reti	10
rīta	10
satikt	10
satur	10
savādāk	10
sieva	10
smagi	10
spēli	10
spēlē	10
strādāju	10
stulbi	10
stulbs	10
svarīgs	10
sākt	10
sāpes	10
trūkst	10
vakarā	10
velosipēdu	10
vienam	10
vienīgā	10
vislabāk	10
vācu	10
vārdi	10
vēlu	10
ķermenis	10
šaubos	10
ūdeni	10
alžīrijas	9
augsne	9
austrālijā	9
automašīnu	9
beidziet	9
bibliotēkā	9
bieza	9
bijusi	9
bijuši	9
braukt	9
brazīlijas	9
brokastis	9
burtiski	9
cauri	9
cenšos	9
ceļu	9
citus	9
darbā	9
darīšu	9
dusmīgs	9
dēls	9
galu	9
garša	9
ienīstu	9
ieradās	9
ierasties	9
izvairīties	9
jaunu	9
jausmas	9
jūras	9
kafija	9
klātbūtnē	9
laikapstākļi	9
lietus	9
lēns	9
maz	9
mašīnu	9
minūtes	9
motivēts	9
muļķis	9
mēģināt	9
mūsdienās	9
nedrīkst	9
nedzeru	9
negrib	9
nekādu	9
nerunā	9
nerviem	9
nespēja	9
neticami	9
neviena	9
nopirka	9
normāli	9
nāves	9
patiesi	9
piedod	9
pienu	9
pietiek	9
priecīgs	9
redzu	9
roku	9
runāju	9
sajūta	9
salīdzinot	9
savs	9
sen	9
situācija	9
skaists	9
spēles	9
troksni	9
trīsdesmit	9
trūkums	9
uzmanīgs	9
uzreiz	9
vecs	9
veselais	9
vienalga	9
vieta	9
vietā	9
vārdus	9
zaudēt	9
zem	9
zāles	9
ārkārtīgi	9
šaubas	9
abi	8
apskaužu	8
aptuveni	8
atbildēt	8
atceries	8
atradu	8
atstāt	8
atvainojiet	8
atvainoties	8
atšķirība	8
autobusu	8
baltu	8
beigās	8
blakus	8
bojā	8
brīdī	8
bērns	8
būtne	8
būtnes	8
ceļš	8
ciest	8
citam	8
dabas	8
darbības	8
darījis	8
daļu	8
divdesmit	8
divi	8
dodas	8
draugiem	8
dzied	8
dīvains	8
gadiem	8
galda	8
gulēja	8
iemeslu	8
iemācīties	8
izraisa	8
izsalcis	8
izskatījās	8
japāņu	8
jauki	8
jautri	8
jumta	8
jūtu	8
katra	8
koks	8
krīt	8
kuras	8
kuriem	8
kājām	8
kārtībā	8
labāks	8
laimīgu	8
lieliski	8
lūdza	8
makšķerēt	8
maza	8
māte	8
mērķis	8
neesam	8
negribas	8
nekur	8
nepieciešams	8
nevari	8
nevarēja	8
nokrita	8
nomira	8
palaidu	8
paļauties	8
paši	8
pašlaik	8
pašsaprotamu	8
pieder	8
piedzēries	8
pieradu	8
pirkt	8
prot	8
protams	8
pārsteidzoši	8
saki	8
salīdzinoši	8
sapņus	8
saule	8
sistēma	8
sistēmā	8
solis	8
stundas	8
tai	8
teikumus	8
tēja	8
uzdot	8
uzticēties	8
uzvarēja	8
valkā	8
visus	8
vīrietis	8
zināja	8
zivis	8
ziņas	8
ēdiena	8
ēdienu	8
šitas	8
šovakar	8
aiziet	7
aizmigt	7
akmens	7
apsēdās	7
apsūdzēja	7
asaras	7
atbildi	7
atceros	7
atmosfēra	7
atpūsties	7
atstājis	7
auksts	7
biji	7
bostonu	7
bīstami	7
citas	7
darīju	7
daudziem	7
dažus	7
deviņi	7
doma	7
domāt	7
dot	7
dzeru	7
dzeršana	7
dzīvnieku	7
elements	7
esiet	7
garš	7
gribat	7
gribētos	7
gudrs	7
guļ	7
idejas	7
idiots	7
iedod	7
iedzimta	7
iepazīties	7
iesākt	7
izmisuma	7
izteikt	7
izvēlīgs	7
jauna	7
joda	7
jāzina	7
kalna	7
kleitu	7
klātbūtne	7
krāsā	7
kļuvis	7
kļūdu	7
labākās	7
laimi	7
lielas	7
līdzinās	7
maksā	7
mašīnas	7
meita	7
meitenes	7
mežu	7
miegains	7
mēģināja	7
mīli	7
mūzikas	7
neatlaidīgs	7
nedarīt	7
nedēļā	7
nekādas	7
netraucē	7
neērti	7
nost	7
noticis	7
novecojis	7
nāc	7
nāve	7
pacietība	7
padomāt	7
palika	7
palīdzēja	7
palīdzētu	7
panākumus	7
parunāt	7
pavadīt	7
pieci	7
piedzimu	7
pieņemt	7
pilnīgi	7
pilsētā	7
pirmā	7
priecājos	7
prieku	7
priekšu	7
prātu	7
pulksten	7
pulkstenis	7
putns	7
pār	7
rakstīt	7
raudāt	7
runājat	7
sapņoju	7
sastāv	7
savvaļas	7
sistēmas	7
skaistas	7
skaties	7
skatās	7
skolā	7
strīdēties	7
sāls	7
sāp	7
teikumi	7
telefonu	7
ticēt	7
tikšanās	7
tēmas	7
tēvam	7
tīra	7
uzstāja	7
vainas	7
valkāja	7
varēja	7
vectēvs	7
viegla	7
vieglāk	7
vietu	7
visam	7
visticamāk	7
visvairāk	7
visām	7
vēlamies	7
zēns	7
āboli	7
ārpus	7
ēdiens	7
ķīniešu	7
šoreiz	7
šīm	7
žirafes	7
acu	6
acīm	6
alu	6
apbrīnoju	6
apkārt	6
arsēns	6
atcerēties	6
atnāca	6
atrisināt	6
atstāju	6
attieksme	6
austrāliju	6
beigt	6
blenž	6
brilles	6
brīdi	6
brīnos	6
brīvu	6
bērnus	6
bērnībā	6
būsim	6
cena	6
cerams	6
cerības	6
ceļa	6
ceļos	6
ceļot	6
cigarešu	6
cita	6
citā	6
cukuru	6
darbs	6
darīji	6
devos	6
diemžēl	6
divus	6
dodos	6
domas	6
domās	6
drausmīgi	6
drīkstu	6
dziesmas	6
dzīvei	6
eiropā	6
emocijas	6
filmas	6
franciski	6
galvenā	6
gribas	6
gribasspēka	6
ideja	6
ideju	6
ielu	6
iepriekš	6
ieraudzīja	6
iespējas	6
ietekmē	6
izdarīji	6
izlemt	6
izmaiņas	6
iznīcināja	6
izruna	6
izstumtais	6
iztikt	6
izvēle	6
izvēlies	6
izņemot	6
jauka	6
jeb	6
jā	6
jūties	6
kalnu	6
katrā	6
krievu	6
kuram	6
kuri	6
kurienes	6
kurus	6
kājas	6
kāpt	6
kārtīgi	6
kļūda	6
kļūstu	6
laipni	6
lielā	6
lietu	6
līdzi	6
maizi	6
maniem	6
mazu	6
meklē	6
melns	6
mierīgs	6
minūtēm	6
motivācija	6
motivācijas	6
mērija	6
mīl	6
mīlestība	6
mīļākā	6
neapzināti	6
negaršo	6
neinteresē	6
nenozīmē	6
neprotu	6
neredzu	6
nesalīdzini	6
nesaprot	6
netālu	6
nezināja	6
noniecināt	6
nopirku	6
notiks	6
nozīmi	6
numuru	6
nupat	6
nāca	6
paciest	6
padomu	6
paliec	6
palīdzi	6
palīdzēs	6
papīra	6
paskaties	6
pastāv	6
patīkami	6
piemēram	6
piepildījās	6
pieņemu	6
pilna	6
pirmajā	6
plutons	6
pogu	6
pārlieku	6
pārtiku	6
pēdējo	6
riebjas	6
rūķi	6
sacīja	6
saku	6
salīdzināt	6
samērā	6
sastāvdaļa	6
satiku	6
savreiz	6
skaidrā	6
skola	6
slikta	6
sliktas	6
sliktu	6
slimība	6
slēpjas	6
sniegs	6
spējas	6
spējām	6
spēlēties	6
spītīgs	6
strādāja	6
suņi	6
svarīgi	6
sēdēja	6
tavi	6
teicu	6
tracina	6
tumšs	6
tīri	6
tūkstoš	6
uzskatīja	6
uzvaru	6
uzvedība	6
vairākas	6
varēju	6
veido	6
veidu	6
veltīga	6
veltīgi	6
vergs	6
virs	6
virsroku	6
vēstuli	6
zems	6
ziemas	6
zināms	6
zināšanas	6
ābolu	6
ātrāk	6
četri	6
īgns	6
ķermeņa	6
šorīt	6
šos	6
aizdomas	5
aizgāja	5
aizmirsa	5
aizvainot	5
aizvērt	5
alkoholu	5
ap	5
apmēram	5
apsolīt	5
apzināti	5
apziņa	5
arvien	5
asins	5
astroloģija	5
atgriezās	5
atmiņa	5
atslēgas	5
atteicās	5
atvainojos	5
atvēra	5
atvērtas	5
atļauties	5
atšķiras	5
augstprātība	5
augstu	5
automašīnas	5
bagāts	5
baidīties	5
ballīti	5
berberu	5
bezjēdzīgi	5
bijušas	5
birojā	5
brīva	5
būtības	5
centos	5
centās	5
cenu	5
cerēt	5
cienu	5
cilvēces	5
dabu	5
dabūt	5
darīsim	5
dators	5
daļā	5
daļēji	5
devāmies	5
dievs	5
domājis	5
drošības	5
drošību	5
drošībā	5
drēbes	5
dvēsele	5
dvēseles	5
dzeršanas	5
dziedāt	5
dziļāku	5
dzīvs	5
dēlu	5
dūmu	5
ego	5
ej	5
formas	5
gadi	5
gadsimtiem	5
gadsimtā	5
gadīties	5
gaidīja	5
gaidījis	5
gaidīts	5
gaismu	5
galva	5
gaļu	5
gāja	5
gļēvulis	5
iedomāties	5
ieguva	5
ieinteresēts	5
ietekmēt	5
ievainots	5
ilgs	5
ilgāk	5
ilūzija	5
interesē	5
istabu	5
izjūta	5
izmantoja	5
izmantojot	5
izrādījās	5
izskatos	5
izskats	5
izsmalcināta	5
izturīgs	5
jaunas	5
jauni	5
jautāju	5
jebko	5
jābeidz	5
jāpaliek	5
jēgas	5
jūrā	5
jūtīgs	5
kafijas	5
kaitinoši	5
kauns	5
kaza	5
klasē	5
kliedz	5
klusēt	5
kolibri	5
kreklu	5
krietni	5
kukurūzas	5
kura	5
kurp	5
kurpes	5
kļūdām	5
kļūsti	5
labas	5
labiem	5
labāka	5
labākais	5
laimīga	5
lapas	5
lapu	5
ledus	5
lidmašīnu	5
liekas	5
lietošana	5
lēmumu	5
lēnām	5
lūdzam	5
lūk	5
mainījies	5
manos	5
mazs	5
mašīnā	5
meitene	5
meža	5
mežs	5
mirkli	5
motivāciju	5
muļķi	5
muļķīgi	5
mēness	5
mēģina	5
mēģinu	5
mēģinājums	5
mūžībā	5
nakts	5
narkotika	5
nazis	5
nebūt	5
nedarbojas	5
nedarīju	5
nedarīšu	5
nekavējoties	5
nenotiks	5
nepavisam	5
nepiekrītu	5
nepietiek	5
nesvinu	5
nevarētu	5
neļauj	5
nodziedāt	5
nogalināt	5
noraizējies	5
nožēlojami	5
nākotnes	5
olas	5
padodas	5
padoties	5
pagaidām	5
pagarināt	5
pagājis	5
palikšu	5
palīdzības	5
pamanīja	5
pamāja	5
papīru	5
parādā	5
parādīja	5
paslēpās	5
pateicu	5
patiesība	5
patiesības	5
paveicies	5
piecpadsmit	5
piedalīties	5
piedot	5
pieklājīgs	5
piena	5
pieraduši	5
pievērst	5
pirmdiena	5
planēta	5
planētas	5
plastmasas	5
prasa	5
programma	5
prāts	5
puisis	5
pusi	5
putnu	5
puķes	5
pārdeva	5
pārspēj	5
pārsteidza	5
pārtikas	5
pārtraukums	5
pūles	5
radās	5
raidierakstus	5
rasa	5
redzot	5
reizes	5
reliģija	5
restorāns	5
riebumu	5
rodas	5
runājam	5
runājot	5
rīcību	5
sabojāja	5
sajaukt	5
sajūtas	5
sakot	5
sapnī	5
saprot	5
saprotu	5
saprāta	5
saprātu	5
sarunāties	5
sasodīti	5
saticis	5
savās	5
septiņi	5
sievu	5
simts	5
sirdsapziņas	5
skaistumu	5
skriet	5
skumji	5
slims	5
smaržo	5
smiekli	5
spēju	5
spēkos	5
spēku	5
spēs	5
steidzies	5
stāvoklī	5
svaigu	5
svarīga	5
sver	5
svētdiena	5
sāli	5
tatoebu	5
tavā	5
teici	5
teikums	5
telefona	5
tiesības	5
tiks	5
tirgus	5
tomēr	5
traku	5
traucēt	5
trimdā	5
tulkot	5
turpināt	5
tuvumā	5
tādā	5
tādējādi	5
tēvu	5
tīšām	5
uzbruka	5
uzdrošinies	5
uzmanies	5
uzrakstīt	5
uzstājīgs	5
uztraucos	5
uztver	5
uztvert	5
vainīgs	5
vaļā	5
vecumā	5
vecā	5
velns	5
vergiem	5
veselā	5
veselība	5
veselībai	5
vidū	5
vienkāršs	5
vilciens	5
vilcienu	5
viņā	5
vājās	5
vārdiem	5
vārdā	5
vēlmes	5
vīlies	5
vīrs	5
zaļo	5
zemi	5
ziemā	5
zirgs	5
zivi	5
zupai	5
zupu	5
ērti	5
ģimene	5
ķermeni	5
ļauna	5
ļaut	5
šausmīgi	5
šejienes	5
ūdenī	5
absolūti	4
aizmirsis	4
aizmirst	4
aizrāvies	4
aizslēgt	4
aizvainots	4
aizņemta	4
akcents	4
alkoholisms	4
alžīrija	4
alžīrijā	4
apelsīnu	4
apgūt	4
apmeklēt	4
apmierināts	4
apnika	4
apnikusi	4
apprecējās	4
apsolīja	4
apsūdzēju	4
aptieka	4
apzinīgs	4
astoņi	4
astronomija	4
atbilst	4
atklāja	4
atklāta	4
atnāks	4
atrada	4
atstāj	4
atvērt	4
atvērti	4
augstprātīgi	4
augstprātīgiem	4
augstprātīgs	4
auguma	4
ausis	4
bada	4
bagātība	4
bagātību	4
baidījos	4
baltais	4
banāni	4
bezatbildīgs	4
bibliotēkas	4
blenzt	4
brazīlija	4
brīvajā	4
bumbu	4
būtiska	4
cenas	4
centies	4
cenšas	4
cepure	4
cepuri	4
cer	4
cerība	4
ceļā	4
cieņu	4
ciešanas	4
cieši	4
cikos	4
daba	4
dabiski	4
darot	4
darāt	4
dažādi	4
dažām	4
debesīs	4
dens	4
dienās	4
dodiet	4
drosme	4
drošība	4
dzelzi	4
dziedzeris	4
dzimtā	4
dzirdēja	4
dzirdējis	4
dzēra	4
dzīvības	4
dārga	4
dārzeņus	4
dārzā	4
dāvanu	4
dīvainu	4
elfi	4
emocionāli	4
enerģija	4
fiziski	4
formā	4
futbolu	4
gabalu	4
gadam	4
gadsimta	4
gadījumam	4
gaida	4
gaidu	4
gaisu	4
garlaicīga	4
garu	4
garus	4
gatava	4
gatavi	4
gatavojot	4
gaume	4
gluži	4
glābt	4
glāzi	4
gnostiķi	4
gods	4
godu	4
godīgumu	4
grieķu	4
grupa	4
grāmatām	4
grūta	4
grūtības	4
gultas	4
gļēvuli	4
gūt	4
holandiešu	4
iebiedēts	4
iedomīgi	4
iedomīgs	4
iedot	4
iegūtu	4
ieklausīties	4
iekšā	4
iemācieties	4
iestājās	4
ieteica	4
ieteikumus	4
ietiepīgs	4
ievērojami	4
ilgu	4
ilgums	4
interesanta	4
istaba	4
itāļi	4
izbaudīt	4
izcelsme	4
izdarītu	4
izeju	4
izniekoju	4
izskaidrot	4
izslēgt	4
iztulkot	4
izvairieties	4
izvēlieties	4
izvēlos	4
japāna	4
jauno	4
jaunās	4
jautrību	4
jautāt	4
jebkad	4
joks	4
juta	4
jādodas	4
jāiemācās	4
jāizbauda	4
jāsaprot	4
jāsāk	4
jēgu	4
jūtamies	4
kaimiņš	4
kaitinošs	4
kalns	4
katastrofa	4
kautrīgs	4
kaķi	4
klausies	4
klausoties	4
klausās	4
klausīt	4
kleitā	4
klimats	4
klusums	4
klātbūtni	4
kokiem	4
koku	4
kokus	4
komandas	4
kontrolēt	4
kultūras	4
kādiem	4
kāju	4
kļuvuši	4
kļūdījos	4
kūku	4
labo	4
labprāt	4
labrīt	4
laikapstākļus	4
laiki	4
lailai	4
laipnība	4
lasu	4
lasījis	4
lasītājs	4
latvijas	4
latviski	4
lauku	4
lepojas	4
lielisks	4
lielākais	4
lieta	4
likt	4
loga	4
lēmums	4
līdzīga	4
līmenis	4
mainās	4
manai	4
manieres	4
manus	4
marks	4
mati	4
mazais	4
mazas	4
mazā	4
meiteni	4
meli	4
mennads	4
metāls	4
miega	4
mierā	4
milzīgu	4
miris	4
mitrs	4
modrība	4
musulmani	4
muzejs	4
mācās	4
mācību	4
mājaslapu	4
mākslinieks	4
mērijai	4
mēģināšu	4
mūža	4
naktī	4
narkotikas	4
neatstāj	4
nebaidos	4
neciešams	4
nedomā	4
nedzer	4
nedzīvoju	4
negaidiet	4
neglīts	4
negribētu	4
neiespējami	4
neizdevās	4
nenāk	4
nepacietīgs	4
nepatiesi	4
nepatīkami	4
nepieklājīgi	4
nervozs	4
nesaku	4
nesaskaņas	4
nespēšu	4
netika	4
netiks	4
netraucēju	4
neuztrauc	4
neveicas	4
neveiksme	4
nezinām	4
nezināt	4
neēdu	4
nešķiet	4
nobijies	4
nogalē	4
noliec	4
nolādēt	4
nolēma	4
nomirt	4
norāda	4
noslēpums	4
noturēt	4
nācās	4
nākamreiz	4
nāvessods	4
oho	4
pabeidzu	4
pacietīgi	4
pagaidīt	4
pagatavoja	4
pagājušās	4
palīdziet	4
pamanīju	4
pamatā	4
papildus	4
paredzēts	4
parkā	4
parādiet	4
paspēju	4
pastaigā	4
pastāsti	4
patiks	4
pavisam	4
pazīstama	4
pašā	4
peldēt	4
peldēties	4
pelnījuši	4
piecas	4
piecu	4
pieklājīgi	4
piens	4
pienācis	4
pieredzes	4
piesārņots	4
pieticīgi	4
pieticīgs	4
pietiekoši	4
pietrūks	4
pietrūkst	4
pievienotu	4
pievilcīga	4
pieļaut	4
pieļāvu	4
pieņēma	4
pilns	4
pilsēta	4
pilsētu	4
pirmdien	4
pirmdienai	4
pludmali	4
plāno	4
plūst	4
prasīs	4
pretī	4
pretīgi	4
priekšā	4
prioritāte	4
prātīgi	4
publiski	4
punktu	4
pusē	4
putni	4
pārbaudīt	4
pārdrošs	4
pārliecināta	4
pārliecību	4
pārprast	4
pārstāt	4
rakstu	4
ražo	4
redzam	4
redzēja	4
reiz	4
reizē	4
rezultātus	4
riebums	4
risks	4
robežas	4
robežu	4
runa	4
rupjmaizi	4
rītu	4
rūpīgi	4
sabojā	4
sadusmojās	4
salvijas	4
samīms	4
sanāk	4
sapni	4
saproti	4
sapņo	4
sapņoja	4
sapņot	4
sarežģīta	4
sarkana	4
sarkano	4
saņemt	4
sekoja	4
sekot	4
senie	4
senči	4
sevī	4
sievietēm	4
sistēmu	4
situācijas	4
skaidra	4
skaidri	4
skaistu	4
skatījumu	4
skaudība	4
skolotājs	4
skorpioni	4
slepkavības	4
sliekas	4
smagais	4
smaida	4
smaku	4
smejas	4
sniegt	4
spiests	4
spānijas	4
spējīgs	4
staigāt	4
steigties	4
strauji	4
straumi	4
students	4
studentu	4
stāsts	4
stāstīt	4
sveiki	4
sveiks	4
svētki	4
tasi	4
tavām	4
teicis	4
teikto	4
temperatūru	4
tiešsaistē	4
tikties	4
tradīcijas	4
traucējumi	4
tulkojumu	4
turieni	4
tādas	4
tādi	4
tām	4
tējai	4
tējas	4
tēmu	4
tūkstošiem	4
tūristus	4
ugunskura	4
uzbūvēja	4
uzmanīgi	4
uztraucies	4
uzturēšanos	4
uzvedās	4
vainīgam	4
vasaras	4
vecāks	4
veltīgas	4
veselības	4
vidējais	4
viegls	4
vienkārša	4
vienkāršu	4
vienus	4
vietas	4
vārdos	4
vēlmēm	4
vēlētos	4
vēlēšanās	4
vērtību	4
vērā	4
vīna	4
vīns	4
vīriešiem	4
zelta	4
zemu	4
ziemassvētkus	4
zin	4
zinātne	4
zināšanu	4
zināšu	4
zirgi	4
zirgu	4
zirī	4
ziņkāre	4
ziņkārīgs	4
zvaigžņu	4
zūd	4
ādu	4
ātrs	4
četrus	4
ģimenes	4
ģimeni	4
īpašs	4
ķermenī	4
ķīnas	4
ļaunuma	4
ļauts	4
šaubīties	4
šonakt	4
švaka	4
šveici	4
šādā	4
ūdenskrituma	4
abus	3
