de	3014
ik	2692
het	2382
is	2188
een	2017
niet	1277
je	1226
hij	1199
in	1177
van	1159
zijn	1091
te	1048
dat	964
op	782
ze	638
en	637
mijn	613
heb	610
heeft	548
met	545
voor	530
om	513
was	497
er	480
wat	454
aan	448
als	447
naar	435
we	396
ben	374
maar	363
haar	348
die	333
kan	329
geen	310
dan	307
mij	302
dit	294
deze	286
hebben	271
me	271
zal	265
hem	264
zou	246
zo	241
moet	233
nog	230
uit	230
ge	228
veel	214
over	203
goed	201
meer	180
al	176
bij	173
waar	173
gaan	166
weet	165
of	159
zij	157
wil	155
uw	150
had	147
men	146
hoe	141
door	140
wie	137
doen	133
nooit	130
leven	129
hebt	128
heel	128
ook	126
tijd	126
twee	126
altijd	124
worden	124
hier	123
mensen	121
gaat	118
ons	117
niets	111
iets	110
jaar	109
toen	109
vandaag	109
zich	109
moeten	108
wel	107
huis	105
laat	103
zien	103
komt	101
vader	100
boek	96
graag	96
dag	95
kunnen	95
geld	93
morgen	93
nu	93
erg	91
alle	90
ga	88
alleen	86
maken	86
één	86
laten	85
uur	85
wordt	85
leren	83
onze	83
kunt	82
tegen	82
werk	82
eten	81
zonder	81
mag	80
moeder	80
af	79
drie	79
jullie	79
waarom	79
beter	78
daar	78
tot	78
engels	77
gisteren	77
alles	76
hun	76
kinderen	76
komen	76
nieuwe	76
eens	74
echt	73
man	73
nodig	73
school	73
zeggen	73
zei	73
wanneer	71
dima	70
ging	70
vroeg	70
water	70
hou	69
bent	68
denk	68
jij	68
taal	67
werd	67
kon	66
weg	66
niemand	65
helemaal	64
na	64
alstublieft	63
keer	63
spreken	63
esperanto	62
houdt	62
terug	62
wereld	62
iedereen	61
vrienden	60
wij	60
auto	59
staat	59
vrouw	59
goede	58
land	58
waren	58
boeken	57
gezien	57
willen	57
kamer	56
kwam	56
doe	55
eerste	55
hele	55
kom	55
stad	55
weer	55
geweest	52
grote	52
wilt	51
brief	50
elkaar	50
tien	50
gedaan	49
plan	49
vind	49
even	48
hond	48
iemand	48
naam	48
spreekt	48
toch	48
vriend	48
zegt	48
andere	47
jou	47
lang	47
moeilijk	47
spelen	47
trein	47
weten	47
groot	46
maakt	46
mooi	46
probleem	46
thuis	46
misschien	45
drinken	44
ligt	44
zullen	44
doet	43
helpen	43
japan	43
koffie	43
snel	43
toe	43
volgende	43
vraag	43
elke	42
net	42
vragen	42
woont	42
zit	42
allemaal	41
beste	41
broer	41
genoeg	41
geven	41
gij	41
houden	41
meisje	41
ogen	41
onder	41
per	41
welke	41
zag	41
zin	41
mee	40
week	40
zeer	40
bedankt	39
gezegd	39
mens	39
plaats	39
zoon	39
eigen	38
gemaakt	38
hoeveel	38
maak	38
nacht	38
ooit	38
ouders	38
zeker	38
zitten	38
dagen	37
dokter	37
gekocht	37
lezen	37
omdat	37
werken	37
deed	36
kat	36
kind	36
tafel	36
tom	36
frans	35
jouw	35
kun	35
muziek	35
schrijven	35
werkt	35
woord	35
zoals	35
blijven	34
enkele	34
geef	34
gewoon	34
staan	34
ziet	34
buiten	33
leuk	33
oude	33
vinden	33
bed	32
dingen	32
gebruiken	32
heet	32
ken	32
mooie	32
steeds	32
tussen	32
zeg	32
zelf	32
bus	31
dood	31
gekomen	31
hoop	31
jongen	31
kent	31
woorden	31
anders	30
film	30
kopen	30
lopen	30
want	30
wilde	30
zijt	30
deur	29
fiets	29
geboren	29
geleden	29
gelukkig	29
klein	29
laatste	29
liefde	29
liever	29
nemen	29
vier	29
wachten	29
achter	28
buitenland	28
denken	28
verloren	28
vijf	28
zwemmen	28
beetje	27
frankrijk	27
japans	27
licht	27
lijkt	27
straat	27
thee	27
tuin	27
valt	27
woordenboek	27
al-sayib	26
amerika	26
appels	26
brood	26
enige	26
gaf	26
john	26
koud	26
landen	26
leraar	26
manier	26
moe	26
ontmoet	26
slapen	26
talen	26
vergeten	26
verhaal	26
voorbij	26
zinnen	26
zorgen	26
bijna	25
dacht	25
lekker	25
maand	25
nee	25
sneeuw	25
soms	25
stond	25
zat	25
zouden	25
dikwijls	24
dus	24
elk	24
gehad	24
gevonden	24
hoofd	24
juist	24
open	24
rijk	24
terwijl	24
vaak	24
waarheid	24
wou	24
zelfs	24
ziek	24
alsjeblieft	23
antwoord	23
dank	23
eerlijk	23
enkel	23
gemakkelijk	23
horen	23
idee	23
kost	23
lange	23
meneer	23
minuten	23
oud	23
zon	23
zult	23
alsof	22
anderen	22
binnen	22
blij	22
denkt	22
eerst	22
gegeven	22
gelezen	22
gelijk	22
geschreven	22
groter	22
heen	22
hen	22
jong	22
regen	22
regent	22
sinds	22
tennis	22
wakker	22
weinig	22
zie	22
zomer	22
bang	21
bestaat	21
fouten	21
gegaan	21
gehoord	21
kijk	21
kijken	21
neem	21
paard	21
sleutel	21
station	21
studeren	21
telefoon	21
vanavond	21
vroeger	21
wonen	21
bezig	20
bloemen	20
deel	20
dorp	20
interessant	20
katten	20
kleine	20
krijgen	20
langer	20
mogelijk	20
niks	20
pijn	20
samen	20
schip	20
spreek	20
stellen	20
stoel	20
student	20
tokio	20
vol	20
waard	20
waarschijnlijk	20
welk	20
wist	20
zee	20
zes	20
zo'n	20
zondag	20
bestaan	19
boom	19
daarna	19
engeland	19
hulp	19
iedere	19
ja	19
klaar	19
kwaad	19
meeste	19
melk	19
nieuws	19
paar	19
praten	19
problemen	19
rond	19
ten	19
vis	19
vreemde	19
ziekenhuis	19
afgelopen	18
begint	18
bezoeken	18
brengen	18
eet	18
ervan	18
feest	18
fout	18
geeft	18
gegeten	18
geloof	18
geluk	18
gezicht	18
god	18
hand	18
herinner	18
honden	18
ieder	18
liet	18
meest	18
moment	18
mond	18
nergens	18
oorlog	18
park	18
rivier	18
speelt	18
tijdens	18
vorige	18
zus	18
beginnen	17
begon	17
best	17
bomen	17
dieren	17
duits	17
erop	17
gebruikt	17
gesproken	17
gezondheid	17
houd	17
later	17
lees	17
moest	17
oom	17
pak	17
parijs	17
persoon	17
roken	17
slecht	17
spijt	17
sterren	17
uiteindelijk	17
verlaten	17
vindt	17
werden	17
wijn	17
zaak	17
zeven	17
bank	16
begrijp	16
china	16
computer	16
dezelfde	16
donker	16
eerder	16
hangt	16
hart	16
hetzelfde	16
honger	16
hoorde	16
kunst	16
les	16
lucht	16
maan	16
muur	16
nam	16
nieuw	16
ongeluk	16
pas	16
schrijf	16
slaap	16
vast	16
vertellen	16
vliegtuig	16
vriendelijk	16
zichzelf	16
belangrijk	15
berg	15
bibliotheek	15
bleef	15
daarom	15
droom	15
echte	15
geval	15
geworden	15
goud	15
kant	15
keek	15
koning	15
krant	15
krijgt	15
kwamen	15
liedje	15
londen	15
makkelijk	15
mijnheer	15
minder	15
moeite	15
neemt	15
nou	15
oog	15
probeer	15
riep	15
rood	15
schrik	15
vallen	15
verder	15
vergadering	15
verstaan	15
vertalen	15
vissen	15
vogel	15
volgens	15
voordat	15
vrij	15
vuur	15
word	15
zaken	15
zetten	15
zingen	15
acht	14
besloten	14
betalen	14
betekent	14
bill	14
bos	14
boven	14
druk	14
duur	14
eigenlijk	14
familie	14
gebeurd	14
gek	14
getrouwd	14
grond	14
hadden	14
halen	14
hoeft	14
hoog	14
jaren	14
kaas	14
kans	14
lachen	14
leest	14
liep	14
liggen	14
negen	14
onmiddellijk	14
ontbijt	14
ontmoeten	14
probeerde	14
reis	14
slechts	14
sommige	14
verjaardag	14
viel	14
vogels	14
vond	14
wacht	14
warm	14
wind	14
winkel	14
zoveel	14
zuster	14
adres	13
appel	13
behalve	13
bracht	13
brug	13
chinees	13
dicht	13
dollar	13
europa	13
foto	13
geleerd	13
gestolen	13
gevaarlijk	13
gewoonlijk	13
gisteravond	13
half	13
handen	13
hard	13
hemel	13
hoofdstad	13
horloge	13
hotel	13
jonge	13
kende	13
kop	13
maakte	13
mary	13
mening	13
moedertaal	13
mooiste	13
naast	13
nachts	13
natuurlijk	13
onmogelijk	13
opnieuw	13
ouder	13
piano	13
raam	13
rode	13
studenten	13
tanden	13
tatoeba	13
televisie	13
uitgenodigd	13
ver	13
verschillende	13
vertrekken	13
vijand	13
vliegen	13
wees	13
woon	13
zak	13
zover	13
zulke	13
aantal	12
aarde	12
bedrijf	12
begin	12
begonnen	12
bergen	12
bleek	12
blijft	12
bloem	12
breng	12
brengt	12
dochter	12
duitsland	12
eindelijk	12
gebruik	12
geschiedenis	12
gesprek	12
gevaar	12
gezin	12
grootste	12
hoor	12
jane	12
kantoor	12
loopt	12
natuur	12
new	12
noch	12
oren	12
overal	12
restaurant	12
roman	12
russisch	12
schoenen	12
schoonheid	12
slechte	12
staten	12
sterven	12
ter	12
toekomst	12
trouwen	12
vanaf	12
vanwege	12
vergeet	12
verliefd	12
voel	12
voet	12
winnen	12
wit	12
zoek	12
antwoordde	11
avondeten	11
baan	11
begrijpen	11
bezocht	11
bezoek	11
buurt	11
doel	11
dom	11
eenvoudig	11
fototoestel	11
gedacht	11
gekregen	11
geloven	11
geluid	11
geslaagd	11
gitaar	11
glas	11
hekel	11
hoge	11
huiswerk	11
ijs	11
internationale	11
kennen	11
klas	11
koken	11
latijn	11
m'n	11
mes	11
mevrouw	11
missen	11
morgens	11
naartoe	11
neus	11
overleden	11
passen	11
pen	11
plezier	11
prijs	11
raad	11
reden	11
rekening	11
spel	11
stelde	11
stuk	11
tevreden	11
tv	11
tweede	11
veranderen	11
verenigde	11
verkeerde	11
verschil	11
vertrouwen	11
vlees	11
voorstel	11
vraagt	11
vrouwen	11
wiskunde	11
yen	11
york	11
zet	11
aangekomen	10
ander	10
avond	10
avonds	10
bezit	10
blijf	10
einde	10
eraan	10
ergens	10
erin	10
examen	10
fanta	10
franse	10
gebeuren	10
gebleven	10
geduld	10
gestopt	10
gestorven	10
gewonnen	10
gras	10
groeten	10
haast	10
hallo	10
hoelang	10
huizen	10
ideeën	10
kerk	10
kleren	10
koe	10
kort	10
leeftijd	10
leert	10
legde	10
lente	10
let	10
lid	10
maria	10
mike	10
moderne	10
nederland	10
nummer	10
oudere	10
past	10
politie	10
precies	10
slaapt	10
sprak	10
tante	10
tas	10
tong	10
uitgevonden	10
veranderd	10
verkoopster	10
verleden	10
vertrokken	10
vliegveld	10
vlug	10
vorig	10
wedstrijd	10
ziekte	10
zoeken	10
zoudt	10
zout	10
zussen	10
amerikanen	9
antwoorden	9
arm	9
baby	9
betty	9
bevat	9
bier	9
bob	9
bord	9
boter	9
bril	9
concert	9
dertig	9
dik	9
duurt	9
ervaring	9
eén	9
gebouwd	9
gelooft	9
genomen	9
geweldig	9
geïnteresseerd	9
heelal	9
hoed	9
honderd	9
jammer	9
japanse	9
jongens	9
kaart	9
kijkt	9
koorts	9
kwijt	9
lag	9
las	9
leeft	9
leerlingen	9
lenen	9
lichaam	9
luister	9
maanden	9
mannen	9
middagmaal	9
minstens	9
nadat	9
neen	9
nietwaar	9
nuttig	9
omgeving	9
ongeval	9
ongeveer	9
papa	9
papier	9
paraplu	9
personen	9
prachtig	9
proberen	9
regenen	9
rozen	9
schuld	9
slot	9
spanje	9
stoppen	9
succes	9
team	9
tijdje	9
tranen	9
universiteit	9
vanuit	9
verdieping	9
vrije	9
wandelen	9
wassen	9
weken	9
werkte	9
winter	9
zette	9
zwart	9
zwitserland	9
aangenaam	8
adem	8
allebei	8
allen	8
australië	8
bedekt	8
bekend	8
bel	8
belde	8
beroemd	8
besloot	8
betekenis	8
betere	8
bevindt	8
boos	8
broers	8
canada	8
dansen	8
draagt	8
dragen	8
droeg	8
duidelijk	8
eind	8
ene	8
engelse	8
fris	8
gauw	8
gebouw	8
gebrek	8
gebroken	8
geest	8
geheim	8
gelieve	8
gevallen	8
gewoond	8
halve	8
heer	8
herinneren	8
huilen	8
informatie	8
jezelf	8
jonger	8
jongetje	8
jurk	8
keuken	8
klinkt	8
kosten	8
kreeg	8
langs	8
lawaai	8
leeg	8
leek	8
leer	8
leggen	8
letters	8
lijst	8
luisteren	8
meter	8
mis	8
nederlands	8
noobs	8
ogenblik	8
ongelukkig	8
ontbreekt	8
osaka	8
overwinning	8
papieren	8
paspoort	8
reed	8
regels	8
reizen	8
rende	8
rijbewijs	8
rug	8
schaduw	8
schrijver	8
smaak	8
sorry	8
sta	8
steek	8
stem	8
stierf	8
stil	8
stilte	8
storm	8
sturen	8
taxi	8
totaal	8
twijfel	8
vele	8
verdient	8
verre	8
versta	8
vertel	8
verteld	8
verwacht	8
voetbal	8
voorstellen	8
wens	8
wijze	8
zagen	8
zoiets	8
zwaar	8
aanwezig	7
amerikaanse	7
auto's	7
baas	7
beide	7
belangrijker	7
beslissing	7
beslist	7
betaald	7
beurt	7
binnenkort	7
blauwe	7
boodschap	7
buitenlanders	7
cadeau	7
daarover	7
dier	7
direct	7
doden	7
doos	7
dromen	7
drukken	7
eenzaam	7
eeuwig	7
eruit	7
ervoor	7
europese	7
fabriek	7
feestje	7
fietsen	7
fles	7
genezen	7
genoemd	7
gewoonte	7
glimlach	7
gouden	7
groen	7
hield	7
hoewel	7
horizon	7
hé	7
ijzer	7
italië	7
kaarten	7
kindertijd	7
kioto	7
kou	7
koude	7
kracht	7
krijg	7
lief	7
lijken	7
lui	7
mezelf	7
mogen	7
nauwelijks	7
noemt	7
olie	7
ontvangen	7
oplossing	7
passagiers	7
plots	7
postkantoor	7
professor	7
publiek	7
recht	7
rennen	7
repareren	7
rusland	7
sneeuwen	7
soort	7
staart	7
stak	7
stal	7
steden	7
steen	7
sterk	7
stonden	7
stopt	7
studeert	7
toespraak	7
tonen	7
toon	7
trots	7
uitnodiging	7
vakantie	7
venster	7
verkeerd	7
verliest	7
vermoord	7
verschrikkelijk	7
verstand	7
vertrok	7
voelde	7
volgen	7
vreemd	7
vrees	7
vrijheid	7
waarde	7
waarmee	7
waarop	7
wegens	7
wenen	7
wet	7
wijsheid	7
wijzen	7
witte	7
wolken	7
zelfmoord	7
ziel	7
zodra	7
zojuist	7
zolang	7
zonsondergang	7
zowel	7
aangezien	6
aankomen	6
aardig	6
absoluut	6
afrika	6
algemeen	6
armen	6
bad	6
bedriegen	6
begrepen	6
begrijpt	6
beiden	6
bekeken	6
belangrijkste	6
beneden	6
bijeenkomst	6
bijvoorbeeld	6
boer	6
boerderij	6
bouwen	6
broek	6
bushalte	6
camera	6
club	6
computers	6
contract	6
daarvan	6
dadelijk	6
dak	6
dame	6
democratie	6
dichter	6
doof	6
e-mail	6
eeuwigheid	6
eiland	6
eindigt	6
engelsman	6
erover	6
fantasie	6
foto's	6
gebak	6
gedachten	6
gedroomd	6
geholpen	6
gekeken	6
gelaten	6
geschikt	6
gesloten	6
gevoel	6
gewacht	6
gewend	6
gewerkt	6
gezonde	6
gingen	6
grap	6
haalde	6
harder	6
hel	6
heleboel	6
hobby	6
honderden	6
hoogste	6
hout	6
hè	6
internet	6
italiaans	6
japanners	6
jongere	6
juni	6
keken	6
kiezen	6
klimaat	6
klok	6
knippen	6
kopeke	6
kopje	6
kyoto	6
lacht	6
lerares	6
lessen	6
lijden	6
loop	6
luchthaven	6
maaltijd	6
meestal	6
meester	6
meisjes	6
meteen	6
mexico	6
middag	6
museum	6
namen	6
onderneming	6
onderscheiden	6
ontdekt	6
opa	6
opdracht	6
opstaan	6
paarden	6
patiënt	6
pizza	6
planten	6
portemonnee	6
pot	6
president	6
probeert	6
programma	6
raar	6
radio	6
resultaat	6
rome	6
ruimte	6
rust	6
rustig	6
schijnt	6
schoon	6
schrijft	6
schuldig	6
sinaasappels	6
slagen	6
sluit	6
sneller	6
sommigen	6
spaans	6
sparen	6
spiegel	6
sport	6
stap	6
stel	6
strand	6
suiker	6
taak	6
tand	6
telefoonnummer	6
tenminste	6
toeval	6
toevoegen	6
totdat	6
trap	6
trek	6
twintig	6
uitzondering	6
uurwerk	6
vanmorgen	6
verdienen	6
vergeleken	6
verkouden	6
verrassing	6
vertelde	6
vertrek	6
vijftig	6
vlag	6
vloer	6
vlucht	6
voedsel	6
volgend	6
vorm	6
vriendin	6
waarin	6
waarvan	6
warme	6
wegen	6
weggaan	6
woedend	6
wolf	6
zaten	6
zaterdag	6
zingt	6
zodat	6
zuchtte	6
aankwam	5
aardbeving	5
advies	5
afstand	5
afwezig	5
alfabet	5
ana	5
arts	5
begraven	5
bekende	5
belangrijke	5
bellen	5
benen	5
bereiken	5
bereikt	5
bestuurder	5
bevalt	5
bewijzen	5
bioscoop	5
bladeren	5
blauw	5
blik	5
bloed	5
brand	5
bureau	5
cent	5
communicatie	5
contact	5
correct	5
cultuur	5
danken	5
deden	5
der	5
derde	5
deuren	5
dichtstbijzijnde	5
diepe	5
dikke	5
domme	5
drink	5
duizend	5
echtgenoot	5
eer	5
eerlijkheid	5
ei	5
eieren	5
elektriciteit	5
ermee	5
euro	5
gaten	5
gebeld	5
gebeurt	5
gebracht	5
gedicht	5
geheugen	5
gekleed	5
gekozen	5
geneigd	5
genoegen	5
geschenk	5
gestraft	5
gestreken	5
gestuurd	5
getallen	5
gevangenis	5
gewond	5
graden	5
grenst	5
groeien	5
groeit	5
halte	5
hangen	5
helft	5
hemd	5
herfst	5
hete	5
heuvel	5
historische	5
honkbal	5
hoort	5
idioot	5
iemands	5
infectieziekten	5
jacht	5
jack	5
japanner	5
jas	5
jim	5
jongste	5
kaartje	5
kasteel	5
kate	5
kennis	5
keus	5
kilometer	5
kip	5
kippen	5
kleur	5
klimmen	5
kocht	5
koeien	5
koekjes	5
koop	5
korte	5
kostte	5
lach	5
lamp	5
langzaam	5
leden	5
leeuw	5
letten	5
liepen	5
los	5
lossen	5
luider	5
maart	5
machine	5
mama	5
medicijnen	5
merkte	5
middel	5
midden	5
mijne	5
mijzelf	5
miljoen	5
minste	5
misverstanden	5
mode	5
modern	5
moed	5
moesten	5
mop	5
motor	5
muren	5
nara	5
nieuwste	5
normaal	5
oma	5
ondanks	5
onderweg	5
onderwijs	5
ontdekte	5
ontmoette	5
ontsnappen	5
openbaar	5
opgegroeid	5
opgestaan	5
opvoeding	5
opzoeken	5
orde	5
oudste	5
overdag	5
paul	5
plaatsen	5
plegen	5
pop	5
postbode	5
potlood	5
praat	5
prijzen	5
rare	5
realiteit	5
redden	5
rijden	5
rijst	5
ruikt	5
schaap	5
schilderij	5
schrijftafel	5
slaat	5
slechter	5
smaakt	5
smith	5
soep	5
speelde	5
spoedig	5
sprong	5
stelen	5
ster	5
stokjes	5
stom	5
stopte	5
stropdas	5
structuur	5
studeer	5
stukje	5
stuur	5
tandarts	5
teken	5
tellen	5
tevoorschijn	5
theorie	5
toren	5
uitleg	5
uitleggen	5
val	5
vandaan	5
vannacht	5
vanochtend	5
verandert	5
verkocht	5
verkopen	5
verlies	5
verliet	5
vertelt	5
verwachten	5
verwijt	5
vlak	5
vlinder	5
voeten	5
volgt	5
volle	5
voorkomen	5
voorzichtig	5
vork	5
vrachtwagen	5
vrede	5
vriendschap	5
vuilcontainer	5
waardevol	5
wachtte	5
wagen	5
wangen	5
weldra	5
welkom	5
westen	5
woning	5
yumi	5
zeiden	5
zocht	5
zoekt	5
zuiden	5
zwarte	5
zwemt	5
aanbouw	4
aandacht	4
aap	4
advocaat	4
afscheid	4
akkoord	4
alvorens	4
alweer	4
amerikaans	4
apen	4
april	4
artikel	4
aten	4
auteur	4
baard	4
bal	4
band	4
bedenken	4
bedoeling	4
bedoelt	4
beleefd	4
beloven	4
bericht	4
beroep	4
bespreken	4
besteld	4
beters	4
betreft	4
bevolking	4
binnenkomen	4
boodschappen	4
boord	4
boston	4
bovendien	4
brak	4
brievenbus	4
brown	4
bruin	4
bruine	4
buik	4
californië	4
chinese	4
chris	4
columbus	4
communiceren	4
compleet	4
daarmee	4
daarop	4
dagelijks	4
december	4
deert	4
dienst	4
dierentuin	4
ding	4
directeur	4
discussie	4
donderdag	4
doordat	4
draaide	4
drank	4
droge	4
dronken	4
dubbele	4
duurde	4
dwaas	4
echtgenote	4
emoties	4
energie	4
experiment	4
ezel	4
failliet	4
favoriete	4
feit	4
fier	4
frank	4
frisse	4
fruit	4
fuji	4
garage	4
gat	4
gebied	4
geboorte	4
gebreken	4
gebruikte	4
gedwongen	4
gehaald	4
gehoorzamen	4
gehouden	4
geit	4
gekken	4
geldig	4
geleerde	4
gelijke	4
gelukt	4
gemakkelijke	4
gemeen	4
geopend	4
geplant	4
geraakt	4
gerucht	4
geschilderd	4
geslagen	4
geslapen	4
gesneden	4
gestoord	4
geur	4
geweldige	4
geweten	4
gewicht	4
gezet	4
goedkoop	4
goeie	4
groene	4
groep	4
groot-brittannië	4
grootvader	4
hakone	4
harde	4
haven	4
hawaï	4
herstellen	4
hing	4
hoek	4
hoeven	4
hokkaido	4
hoofdpijn	4
huid	4
huilde	4
huwelijk	4
india	4
indien	4
indruk	4
intelligent	4
invloed	4
jan	4
kam	4
kanker	4
katoen	4
klap	4
klassieke	4
kleiner	4
klokken	4
knap	4
knoop	4
kobe	4
kok	4
kopie	4
kroon	4
kunstenaar	4
kwaliteit	4
kwestie	4
laatst	4
lachte	4
langzamer	4
leerkracht	4
leerling	4
liegt	4
lift	4
liggend	4
lucy	4
luiden	4
lukken	4
maakten	4
maal	4
macht	4
mand	4
markt	4
mars	4
medicament	4
meerdere	4
metro	4
misdaad	4
misdadiger	4
mist	4
mocht	4
mogelijkheid	4
moogt	4
morgennamiddag	4
muis	4
nat	4
natuurlijke	4
nieuwsgierig	4
nood	4
noord-amerika	4
ochtend	4
onderschat	4
ondertekenen	4
onderwerp	4
onderzoek	4
ongeacht	4
onkruid	4
ontspannen	4
oogsten	4
oorzaak	4
oosten	4
opende	4
openen	4
opgelost	4
opzij	4
overlijden	4
pagina	4
parkeren	4
pauze	4
picknicken	4
planeet	4
plantaal	4
ploeg	4
plotse	4
poets	4
politieagent	4
pond	4
populair	4
post	4
postzegels	4
potje	4
prins	4
procent	4
raakte	4
redenen	4
reserveren	4
rest	4
richting	4
rij	4
rijkdom	4
roemenië	4
roepen	4
rok	4
rook	4
rotte	4
ruim	4
schelen	4
schone	4
schoot	4
schouder	4
schreef	4
seizoen	4
slaan	4
slang	4
slim	4
sluiten	4
sneed	4
sneeuwt	4
snoep	4
soorten	4
spreekwoord	4
stapte	4
steken	4
sterke	4
stof	4
storen	4
strijken	4
taro	4
tegelijk	4
tegengekomen	4
tegenwoordig	4
tekst	4
telefoneren	4
tenen	4
teruggekomen	4
ticket	4
tijden	4
toevallig	4
trok	4
trouwde	4
uitdoen	4
uitgang	4
uitgegaan	4
universele	4
vaderland	4
vanmiddag	4
vanzelf	4
vegen	4
velen	4
venetië	4
vent	4
verbeteren	4
verdragen	4
vergissing	4
verhalen	4
verkoudheid	4
verliezen	4
verschrikkelijke	4
verslag	4
vertaal	4
verte	4
vertraging	4
vertrekt	4
vies	4
vijanden	4
vinger	4
vlieg	4
vliegt	4
vloog	4
voelt	4
volk	4
volledig	4
voorbeeld	4
voorhand	4
voortdurend	4
voorwaarde	4
voorzitter	4
voren	4
vriendje	4
vrucht	4
waait	4
waarvoor	4
wachtten	4
warmer	4
weekeinde	4
weekend	4
weerstaan	4
wei	4
werkelijk	4
wetenschappers	4
wezen	4
wijdde	4
wijs	4
wolven	4
wortels	4
z'n	4
zacht	4
zakdoek	4
zelden	4
zieke	4
zomervakantie	4
zwembad	4
zwijgen	4
én	4
aandachtig	3
aangemoedigd	3
aangeven	3
aannemen	3
aansteker	3
aanvaarden	3
aanvoerder	3
aardbevingen	3
aardrijkskunde	3
achtergelaten	3
achterlaten	3
achterste	3
advokaat	3
afbeelding	3
afgelast	3
afkomst	3
ah	3
aktetas	3
amazone	3
andermans	3
appartement	3
appeltje	3
arabische	3
argument	3
arriveerde	3
asbak	3
at	3
atoomwapens	3
azië	3
balpen	3
bananen	3
batterij	3
bedoel	3
bedoelde	3
bedorven	3
bek	3
belangstelling	3
belgische	3
bemoei	3
bereikte	3
bereikten	3
bergtop	3
beschaamd	3
beschouwen	3
beschuldigd	3
besmettelijk	3
besmettelijke	3
bestellen	3
betrapt	3
betrekking	3
betrouwbaar	3
bevallen	3
bezwaar	3
bijbel	3
bijen	3
binnenkwam	3
bliksem	3
blind	3
bloei	3
bloeien	3
boekarest	3
boeket	3
boel	3
botulisme	3
brandt	3
breek	3
breekt	3
bruiloft	3
buren	3
cake	3
carol	3
celsius	3
centrum	3
chicago	3
chocolade	3
christendom	3
christoffel	3
citroen	3
citroenen	3
daad	3
daarnaartoe	3
